source_id,ra,ra_error,dec,dec_error,parallax,parallax_error,pm,pmra,pmra_error,pmdec,pmdec_error,ruwe,dist
2489653526285465728,34.50229124706364,0.05203571,-5.153289288375909,0.040086046,1.2422733150310044,0.06162552,11.517867,-5.868772161104472,0.05782038,-9.910539012763481,0.0487558,0.967811,0.007087220533336537
2489653521989892608,34.507297107375784,0.34441403,-5.158067299039991,0.2787257,0.4465473112973981,0.43821487,8.40531,7.702592073235326,0.39614424,-3.3644186948854604,0.34590146,1.0286865,0.007514811405939257
2489653526285465600,34.504738138543075,0.025732236,-5.148997570588225,0.021078575,1.2223973108476098,0.03071851,11.501595,-5.658930866460091,0.034811553,-10.013150246478043,0.026699886,1.6380848,0.011970404502352469
2489653384550936192,34.49232196238381,0.1007427,-5.174718747619942,0.081837684,0.5084926430826675,0.12039028,5.302635,5.298514970100942,0.11971776,0.20899307682962304,0.10138172,1.0444322,0.016588352308097343
2489653693788585344,34.47740270190425,0.12786205,-5.149975537599742,0.104834914,1.2876432762997898,0.15821698,3.488581,-2.1914610573949567,0.14380203,2.714349949370163,0.123249434,0.99765307,0.02464319963247965
2489653487630154752,34.52563996903827,0.23705816,-5.154594817355973,0.17469858,1.831216689313395,0.25800925,23.667416,22.267093176336985,0.3298637,8.020168017937266,0.21221332,1.023076,0.026096499332202323
2489653693788654080,34.47652207907935,0.91756785,-5.143281226063322,0.8549015,0.2863089413098705,1.2218875,10.823739,4.428839682867558,1.1256123,-9.876168148842462,1.2462114,1.0231935,0.028750515263192757
2489653796867777152,34.487026783855256,0.013533483,-5.132505502701632,0.010772631,4.804366062352604,0.016095728,37.81159,7.831380755260375,0.017720783,36.99169575025435,0.013399718,0.8443242,0.030382643534784124
2489650360893957760,34.509822183377935,0.52056813,-5.19080104036016,0.35972595,-0.9657356586768651,0.54354495,11.077478,9.218668396542345,0.6329832,-6.142204895512102,0.4331665,1.8070792,0.03231433798441365
2489650498332912384,34.527092857355534,0.25384888,-5.179489986817944,0.17442779,0.5176171994762726,0.26663402,17.382812,15.377819951389121,0.30877793,-8.104619016193734,0.21128894,0.95318466,0.03328016190000186
2489652937874335104,34.48394935369021,0.6313302,-5.19297870877408,0.5027094,0.4423874144023597,0.7991544,6.540141,6.33929793519669,0.63767415,-1.6083370613739498,0.56791675,1.0407822,0.036650205678992846
2489659706742804608,34.50535045961072,0.12109771,-5.121232237868361,0.09852866,1.3251632685903663,0.14971882,28.207191,22.948413482006906,0.15378298,-16.401705312098727,0.12235487,0.99866617,0.039132549874436665
2489652972235861120,34.470578031404415,2.0890632,-5.192734085213107,1.34435,,,,,,,,,0.043936286926091965
2489650532692652288,34.54346374368316,0.39453566,-5.171139972745583,0.2948591,0.07301128109821825,0.43850026,3.3848534,-0.08546529227818514,0.46200198,-3.383774313808388,0.36545262,1.0168142,0.04469180622864131
2489659431864896384,34.534036309090254,0.16276541,-5.130705942633953,0.13640256,0.5199311741998398,0.19581911,4.514768,2.671760598486988,0.2289135,-3.6393445161909264,0.17022341,1.0458567,0.04479913995739059
2489649982936833536,34.494613719297355,0.27807733,-5.206577960038094,0.22684738,0.48627991036037843,0.33400124,13.806582,4.706648749065467,0.33093134,-12.979567977812229,0.27357483,0.8307806,0.04688545841683259
2489659672383067008,34.52178903623111,0.3395418,-5.118418064584316,0.28092602,0.5188780310900889,0.39657366,18.034948,17.8493048714702,0.49717855,2.581019168536761,0.3303481,1.1385766,0.0469025114223856
2489654587141789184,34.485353909889845,2.1480336,-5.1143994120111955,1.1414956,,,,,,,,,0.04787970813319102
2489656408207915392,34.54909550346985,0.08976291,-5.1587488890114885,0.06702927,0.3938367043540981,0.10110465,4.40692,-2.902511923692543,0.119926386,-3.316077442209025,0.08834105,1.1066909,0.0489068238786147
2489659711038370688,34.513524012160765,0.063233495,-5.112837393160209,0.04916439,0.6438751140075938,0.07492719,7.913077,5.843502879433711,0.08075056,5.335752693912279,0.063071884,0.91120213,0.04904780434231273
2489656412502948736,34.549316961473124,0.5890966,-5.152252647875534,0.4542773,1.7486203021430216,0.6794466,29.5694,22.180773609785646,0.7432343,-19.554098017537175,0.5829485,0.9827872,0.049719084139987726
2489650463973174400,34.54723186600935,0.40145937,-5.176807701173019,0.29639438,0.4596746375326637,0.44905457,11.285486,6.409474175168511,0.45045674,-9.288747577602242,0.35205197,0.96982443,0.04994661194892558
2489650292174478464,34.516766549455646,0.18148372,-5.207524376971208,0.1321199,0.35328874959137224,0.20701219,3.101094,1.964967897316782,0.19896057,-2.3991007733552814,0.15870096,0.9376812,0.05036959024513136
2489650429613435136,34.545364229382166,3.4217467,-5.182734470220877,2.0658607,,,,,,,,,0.05057152277362705
2489659672383066496,34.53426096586382,1.0646439,-5.121041328916929,0.80737513,-1.5883691448553785,1.3792734,11.627167,5.94689717057685,1.2678447,-9.9912670387154,1.2221277,0.95156693,0.05178662514561864
2489652972234073216,34.46116327082892,0.40161362,-5.1945478830100065,0.31535658,0.7540648811283328,0.50296426,18.51927,16.762856372658437,0.4364358,7.872102231384246,0.3811484,1.115604,0.05186465089186449
2489659672384962944,34.52545996094185,1.8868748,-5.113560311392822,2.3859577,,,,,,,,,0.052909936429513645
2489659672383068160,34.527452736853874,0.048837688,-5.113926108254912,0.03958034,1.6268903835164596,0.057731535,14.957535,8.791610687977606,0.06372111,12.101050439023984,0.052065004,1.027115,0.05357419034403809
2489659741102545408,34.52547012286136,4.4367466,-5.110392134200294,2.3082871,,,,,,,,,0.055716067307609314
2489660501312352896,34.50639129191132,0.066170566,-5.104196189186695,0.055353153,0.5025964111207074,0.08488081,6.679341,5.875382585094295,0.08560601,-3.1770230028316964,0.07233385,1.0533649,0.05616609492706226
2489659470520201984,34.54261849598228,0.044946715,-5.119279256898158,0.03201515,0.4556211121320338,0.049473185,3.7489026,3.63189035601319,0.05521226,0.9293235354237777,0.03702951,1.2846392,0.05881778506626931
2489654037386036736,34.44030205348509,0.6427199,-5.157865302148812,0.5746422,2.0790353947479394,0.83492684,8.962873,-7.799136492459312,0.7247714,4.416625075047913,0.7342721,1.0759286,0.05950025652373392
2489650257814743424,34.556494160150464,0.67725575,-5.180701224313866,0.49133664,-2.331191273148295,0.7681053,3.8500774,0.994662294252146,0.7976068,-3.719374001813131,0.61406744,0.9602125,0.05994594120341146
2489649849793461120,34.4788131925918,0.14576213,-5.216171352625471,0.10904783,-0.06853518129056652,0.17684488,7.9258165,6.706251702689446,0.15243344,-4.2243054504848345,0.12752926,1.2291679,0.06000465127365816
2489659397505223552,34.553225660385586,0.5066173,-5.131125090572884,0.34898522,2.6229408778379466,0.5506675,30.421362,-13.223418873391795,0.5603116,-27.39708912519887,0.40350676,1.0184817,0.060360498578996724
2489656343784011264,34.56093095026361,0.18286878,-5.160591540052949,0.13715312,0.860648421422633,0.20732144,4.022416,2.196844952788225,0.22992952,-3.369525821261143,0.16740791,0.99374354,0.060681071209699726
2489650124671367552,34.54427467558901,0.019086892,-5.201765039927405,0.013973075,0.8675296950447249,0.02100155,20.033564,15.035089462412246,0.021566832,-13.239703422029832,0.017087853,1.0161163,0.060728762195462235
2489656446863226112,34.56379666332422,0.0410522,-5.144323745534046,0.030399496,0.4507342091627279,0.045666926,22.007124,13.312668613681486,0.051675458,-17.523879674935916,0.03672585,0.97127736,0.0654387795391793
2489652800435378816,34.4652600444272,0.39067718,-5.215775655548208,0.3044412,0.08593112146785074,0.47842026,3.373086,-0.3648145543842244,0.45396554,-3.353299813208731,0.37253848,1.0132178,0.06563691732802936
2489659844185047680,34.53203193211868,4.4732103,-5.101546253654437,2.3983543,,,,,,,,,0.06659152939915998
2489654724580742528,34.447624628716014,0.43095678,-5.115979525736495,0.36074057,-0.002725958850781085,0.55982995,2.3661792,-0.3574276133468833,0.5087601,-2.3390276102589347,0.43980873,0.9589683,0.06826183555574779
2489660737535021824,34.47428454170667,0.35493734,-5.096166393023406,0.30748963,0.8635516674847884,0.45493683,10.531408,-3.1623351802612696,0.45928648,-10.045406865123264,0.37219632,1.0397911,0.06878344064022056
2489654724580806272,34.443537945611084,0.4204722,-5.119647721230984,0.32126802,2.3809112456217276,0.5282619,3.223712,3.074613358260109,0.52146405,0.9690570063576183,0.40340975,0.9613316,0.06922008824250882
2489660741829980288,34.48313449855044,0.57951653,-5.091159113026989,0.45948163,2.480946989914222,0.71271926,18.76382,12.275435054901642,0.77365005,-14.191358588277241,0.60716647,1.2003669,0.07086311870413893
2489649776778475904,34.48086264389011,0.43377063,-5.228644139737081,0.32762504,0.13558118850379955,0.51586,2.1179564,1.9224166918999783,0.45825887,-0.8888492193765296,0.36471924,0.88683933,0.07124136145510693
2489649776778400640,34.4800113883201,0.12531082,-5.230195311890322,0.09779089,0.07424353229749088,0.14800704,3.537397,3.490203562892858,0.14150606,-0.5758960815822565,0.11145599,1.0362251,0.07296392448379416
2489649673699185024,34.50769273985341,0.1191647,-5.23291291625701,0.086571634,0.7567237487530264,0.13465737,7.827867,4.288023931879207,0.13213092,-6.548920039150355,0.10421018,1.0220819,0.0733126495127933
2489649673699260416,34.505432244842275,0.4885658,-5.233121877132049,0.34247544,0.3037110684163481,0.545799,5.8795037,-3.3616825144788187,0.51825607,-4.823655732304295,0.39938655,1.0352544,0.07332025781971444
2489649570623267584,34.502382843639715,2.2021232,-5.234102448622241,1.7883261,,,,,,,,,0.07413920344920451
2489649776780213120,34.48038630692656,1.9711609,-5.231624313503736,1.6486373,,,,,,,,,0.0742405593521804
2489654007321803392,34.424842677819605,0.054623753,-5.166486578734292,0.04020293,0.48560541328224033,0.066164546,10.457857,5.792165312683432,0.058030296,-8.7073296948405,0.051228005,0.9402711,0.07513857594198407
2489654728875880960,34.439404587140544,0.8725841,-5.114389039869491,0.71364105,2.440738599212585,1.0533,23.548254,22.374476926733532,1.096334,-7.341868069356551,0.9736103,1.02867,0.07565394860437792
2489654827661697024,34.45292807670987,1.840137,-5.100447512418917,1.5518578,0.44640753432544056,2.3379867,1.7145262,1.7045354427175752,2.680706,-0.1848218609559874,2.72911,1.1484344,0.07579720266646563
2489653040953548800,34.434804820882924,0.20347455,-5.200892575044984,0.16252956,0.9499887377291915,0.24991289,8.629731,7.497230021676534,0.22357213,-4.273616839679988,0.20417696,0.97983205,0.07673739850213407
2489654862019699456,34.4625282101089,0.15355976,-5.092236692710654,0.121502034,2.663560439497743,0.18485558,21.751682,9.813300017545949,0.1900371,-19.41223477092131,0.15157373,0.98906255,0.07736514754267998
2489649570620044928,34.494614749522015,1.0456322,-5.237579249793252,0.62123144,1.1847699968869738,1.1117443,5.402573,3.819456797327871,1.0217606,3.8209353631721754,0.79080975,0.9070253,0.0777637604929022
2489652770371222528,34.45125423418049,0.059151087,-5.220880131547963,0.047188617,0.650213825289514,0.07270825,6.863389,2.361550477423834,0.06581054,-6.444314181039597,0.058775477,0.98312277,0.07786866064663553
2489649639339521920,34.53077401005827,0.45750186,-5.232649983243183,0.32635057,0.06402370829339113,0.51529723,15.753015,-2.935066645430933,0.4895312,-15.477172412576992,0.38018963,1.0175853,0.07884658428867851
2489654071745705856,34.41858155754218,0.161348,-5.161662928535626,0.12755367,0.6352209897804775,0.20033953,4.4999814,0.29568657412777477,0.17779206,4.490256459677832,0.15795651,1.0378476,0.08111120577024558
2489652770371247616,34.44519997646702,9.481601,-5.222559056964615,7.7213497,,,,,,,,,0.08302164880401566
2489649746714246528,34.47502000210189,0.0671867,-5.239288058620824,0.05336522,0.3631986071045357,0.079104625,8.578412,8.561973403210988,0.075235315,-0.5308081890238154,0.05880472,1.0259898,0.08309990201130507
2489651292902472832,34.44308264924509,0.047121014,-5.221786006285485,0.036007952,0.4284845133970711,0.054031424,6.219267,-3.284990792389864,0.05362837,-5.2809198595538644,0.045917045,1.0190132,0.08385168354819793
2489654277904206080,34.41389584081928,1.1357894,-5.14649701339639,0.8982056,0.4574864323602477,1.6096506,11.813964,9.735300437469654,0.99027133,-6.692807582194523,1.0558758,0.98340183,0.08681858462386986
2489659603663592192,34.57209572965998,0.15319905,-5.109601671127737,0.11698048,0.3396415906552449,0.17477551,24.47088,11.49212745918874,0.19757017,-21.6045126327007,0.14515689,0.9840453,0.08772356352477038
2489649295744938368,34.56309722255077,1.6034546,-5.221346727649883,1.4598794,,,,,,,,,0.08781364839194614
2489653109673025920,34.42047760131767,0.6984448,-5.199273992065925,0.6207223,-0.8599886919039361,0.8985477,3.7205117,-1.386501188640443,0.991118,-3.4525094500708486,0.97877294,0.9098787,0.08840561882975288
2489656064610599040,34.584206746871565,0.51760966,-5.1900060537121115,0.40865934,2.242045178406494,0.6077093,48.18826,47.36183824531854,0.597767,-8.886212778154587,0.4652365,1.1314677,0.08906411056188847
2489653968668141056,34.41012115606906,9.146365,-5.168292179787277,9.95843,,,,,,,,,0.08990294846847317
2489648883425277440,34.54175275332141,0.75413126,-5.2407585663227705,0.5503849,1.7722948828417153,0.8665539,12.371034,12.037475148548953,0.8077633,-2.853362474729872,0.6874136,0.9827383,0.09083096915306779
2489648333669388288,34.44809436184591,1.2217628,-5.234745112460738,0.9749115,1.3593854392502465,1.6099992,3.7784111,0.6771554650452103,1.382116,-3.717237162063258,1.4834168,0.99485016,0.09088102581080214
2489654896379438208,34.4404434775186,5.0552635,-5.090733826983167,5.0826893,,,,,,,,,0.09119927021243733
2489654900674999424,34.43372587175551,0.017081682,-5.096489563718092,0.013302163,1.082701807792291,0.020344475,14.129821,13.97841216128818,0.021478692,2.06296823844816,0.016585063,0.99194455,0.09160589823051099
2489651292902473216,34.43559527648882,0.045296032,-5.225798474795326,0.03319539,0.6741311221636531,0.052423164,4.554428,0.9704217248522975,0.04738825,4.449842367017784,0.03764332,0.9113177,0.09189142063281097
2489654282199721088,34.40909841487802,7.6322217,-5.140148961930009,4.568212,,,,,,,,,0.09269126917572419
2489655308696283008,34.588760306702355,0.12782115,-5.189655804777572,0.10040365,0.6856441416175428,0.1499867,30.852106,25.77645352102908,0.14612895,-16.9536702147126,0.11618515,1.1477363,0.09323454176728224
2489648849065462912,34.532020456909976,0.2151213,-5.247917152404255,0.15257663,0.10841306990520785,0.2450641,12.144595,6.460095361473412,0.22917934,-10.28388868332444,0.18591921,0.9692908,0.0935186949587516
2489649192662923008,34.55951505885885,0.7110825,-5.234644205125539,0.5445518,1.3709064060815814,0.8276277,22.272455,-0.6054614529157023,0.79916877,-22.26422452864926,0.7013854,1.1130676,0.09530944429269869
2489651632204276736,34.41029242630562,0.13297054,-5.1955425547553755,0.097965166,1.2396436672922322,0.15926197,5.976566,5.697563647564204,0.14470309,1.8047456995290554,0.12506124,1.083719,0.09615685908858213
2489660913629212160,34.509769061915335,0.028298741,-5.064171388099521,0.02088081,1.6401723067530374,0.03132914,46.0746,23.63987544013886,0.037954666,-39.547758870183536,0.026266845,0.8990752,0.09632179256626663
2489661081132407424,34.52716327827786,0.60575765,-5.067004929133909,0.6524334,0.4158705285049643,0.7971168,18.699263,18.672156291282455,0.842763,1.0064941770730251,0.89261603,1.0157409,0.09685012402846024
2489648745986247424,34.514708445923254,0.0987987,-5.256351118147999,0.07145946,0.2553826857859541,0.10920244,2.077233,-0.212531037158642,0.11180748,-2.0663319597529632,0.08626235,1.040745,0.09745625675535086
2489654763236046720,34.41341032703244,0.2547083,-5.114128730851364,0.21439995,1.4756764279688437,0.31952572,2.5077124,-1.9671022122049786,0.29930344,-1.5553552292018376,0.26482597,1.0624806,0.09768791925062122
2489653934306751744,34.401293894113174,0.28365815,-5.167494334806039,0.2784452,1.501229726247262,0.42018968,14.62915,7.719932976086687,0.31262875,-12.42637008438268,0.29953167,0.8679363,0.0985964637765374
2489649467540752768,34.49017040399892,0.18995446,-5.258284837108412,0.1396567,1.8738096785027822,0.20697835,20.243824,-5.593266165099303,0.21059783,-19.45579137301882,0.17081623,0.92533803,0.09877064969725512
2489659912901300096,34.58705684368929,0.5713125,-5.1122363198356195,0.44583765,1.395531941738498,0.66510105,34.825066,6.664739489437522,0.7205388,-34.18137663823219,0.56150043,1.1214001,0.09898797213127959
2489660943693395072,34.480391978342105,0.35533738,-5.06288828728455,0.29932594,0.4322673957419113,0.43953705,3.0957208,-1.135930453262492,0.47989777,-2.8797826993674462,0.37481973,0.9384155,0.09905825223330765
2489654350919204608,34.40041005431767,15.575716,-5.139586909670096,9.873048,,,,,,,,,0.10127257875471898
2489656270768962688,34.6015763699143,0.07850949,-5.15448783324189,0.06263279,0.8481647071741741,0.09401748,5.2194643,4.608031491479433,0.10188858,-2.451295847613363,0.07493899,0.98524696,0.10130949121750148
2489651529125058944,34.411597950335064,0.6623206,-5.215917731000966,0.610254,0.033968711933046215,0.8329107,1.9660139,1.4486488039026817,0.83547413,1.3291452914131847,0.7900954,0.93309194,0.10430110348579315
2489666647411643648,34.42889688007044,2.0182447,-5.082190240118261,1.0817549,3.1975584865414923,2.3535,10.258211,2.255525338506531,1.6610605,-10.007172078381284,1.6033008,1.0010742,0.10521746396836401
2489655239976804224,34.59764531708227,0.11629812,-5.202736452313365,0.10517235,1.7979741528664142,0.1574953,68.04317,19.775151273982374,0.13886069,-65.10619158045604,0.12560518,0.98349756,0.10621691867669797
2489648814705800064,34.5521880057284,4.661235,-5.252652225976183,4.3426585,,,,,,,,,0.10622993499998128
2489649196958432000,34.56778523004839,0.7768102,-5.242177337691542,0.612186,1.1505861057512057,0.8679128,1.3737037,-0.9674752188072488,0.88627446,-0.9752198065846127,0.7120812,1.0487291,0.10634489970730096
2489666750489177984,34.441073558689766,1.8813494,-5.071179239577187,1.5360465,,,,,,,,,0.10646460612849201
2489647990073847040,34.492456707586484,0.95202917,-5.266250382297772,0.7826568,0.738851408993921,1.2860422,5.597324,4.471980976231409,1.1911619,3.3662176117671905,1.3956348,1.0068028,0.10651497403890875
2489653934306751104,34.39329640562068,0.9614723,-5.169627061041418,1.0923449,1.2318671980143125,1.719568,1.7541637,-0.8403506266002307,1.052825,-1.5397731462815787,1.5249084,0.90635234,0.10671121027346188
2489659951556538240,34.59235455199314,1.7844194,-5.10395895131764,1.4247546,,,,,,,,,0.107706853656015
2489648814705723904,34.55093310924699,97.387726,-5.256161655679314,19.621014,,,,,,,,,0.1087155928516114
2489648784641572096,34.54518612512422,0.18763043,-5.259006176827668,0.14602883,1.091606755776768,0.2234302,3.1141515,-0.57493712206823,0.20963863,-3.0606186628505756,0.17067534,1.0446013,0.10874946607315725
2489656202049484416,34.609509163910964,1.9805166,-5.167002058845253,9.661498,,,,,,,,,0.10928345413418972
2489672694723976576,34.479811148938246,0.8006976,-5.051817809964553,0.8507585,1.2522934367855623,1.0919479,20.940392,10.404898254587728,1.3193566,-18.172453759910297,1.2196044,1.0260612,0.11003730008366754
2489649364461543040,34.600249647249754,0.09793074,-5.206486740381322,0.07841815,0.834263440476361,0.11285939,5.30624,2.4229711268285232,0.11792504,-4.720741027727255,0.09936721,0.9664679,0.11012597243638476
2489654346623616384,34.39106007191571,0.14728546,-5.136964797098571,0.11332366,1.7790284161234684,0.1826704,32.413845,13.139570483117293,0.15724194,-29.631219366234266,0.13059703,1.0043737,0.11092459284082191
2489666754784735744,34.42887180117639,0.59064245,-5.073154481224607,0.3674699,12.47320503353257,0.60668755,9.43089,-8.847561880916425,0.5859433,-3.265322177289108,0.419324,4.2706656,0.11208090225349501
2489654140465251584,34.386997781192434,0.8871395,-5.159945121760062,0.7194885,0.31453980000946763,1.0895376,1.6258118,0.8188904874345055,1.0827283,-1.4045220941377436,1.0190299,1.0991588,0.11255008470680827
2489672660367698688,34.460356203621544,0.43252522,-5.0542321851707825,0.3818016,-0.06882364825977147,0.5828486,5.7106385,1.868709622421115,0.59370166,-5.396231762741145,0.44530433,0.9497198,0.11290122395390124
2489648986504416512,34.57234344408461,0.08573566,-5.247116451792228,0.06457204,0.6710886654718063,0.096365504,14.519555,0.6718464406231792,0.09218459,-14.50400291675011,0.075698346,0.9975658,0.11304327777323574
2489651155463535360,34.423031529660285,1.8958973,-5.244365534181952,1.278246,,,,,,,,,0.11398989556263463
2489652456841289984,34.38692053681216,0.85563046,-5.178930212292984,0.7414994,0.13254059563937998,1.096778,3.2416012,0.6572038202376433,1.0656227,-3.1742811665577584,1.2568716,1.0418309,0.11420496865181685
2489648574187630976,34.54778192688696,0.21160898,-5.264077907161187,0.16421978,2.3284811671270513,0.2514708,7.619991,-5.26690313283901,0.23627096,5.506722266749182,0.18753833,0.9895254,0.11443649840831481
2489659947260977792,34.59350811327674,1.3134369,-5.092582367891927,1.3287055,-1.0913415408173854,1.9453249,8.416026,-3.007454135126451,1.9038303,-7.860325209663288,2.8607314,0.98670775,0.11497024622792947
2489648647202619264,34.51225848109559,0.0159703,-5.274802124569481,0.01143613,1.6612390882172203,0.017047081,16.979738,-1.7582242862620951,0.017530514,-16.88846289292221,0.013642468,0.9552784,0.11544770870617412
2489648024431739904,34.46215447890932,0.29382277,-5.26932051592335,0.23131724,0.7102360481090289,0.35786363,2.8530505,-1.1163476177604628,0.3307664,-2.6255789186619523,0.2632546,1.0075774,0.11563578462870426
2489654144760735360,34.38366567736509,0.06823407,-5.168512131461422,0.052374173,0.7394070006680056,0.07905751,6.0651383,5.2135553519946125,0.075658575,-3.09915243421492,0.062451012,0.9276259,0.11618005909519634
2489672729083657856,34.49300973290703,0.737438,-5.043731956168971,0.74396485,0.3568680787710985,0.9375029,11.885845,10.664830615872386,0.9614995,-5.2473519240674085,1.0291471,1.0109196,0.11647772244462376
2489656996619038464,34.604209134791596,0.023163361,-5.106814373314836,0.016257,0.6998458682611352,0.023763014,12.931169,-6.155039133149006,0.030990273,-11.372361427110931,0.019860104,1.0117643,0.11661999310979279
2489656683085824512,34.61668426392081,0.35699755,-5.141513309217037,0.29710484,0.8380111603146914,0.4253677,12.202099,5.031144091592485,0.47717553,-11.116600820762379,0.35893676,0.9599622,0.11766872953411218
2489659951556537984,34.60297702197492,0.024100361,-5.10118833702004,0.017575858,1.838762347028846,0.026040647,11.076193,10.681274026900168,0.03209859,-2.9312865825621888,0.022383025,1.0082296,0.11822524774077281
2489672767739109888,34.47135016204495,2.321562,-5.045161604753046,1.9724238,,,,,,,,,0.11833321060963362
2489655239976803584,34.610516807092836,1.6142306,-5.207437929200291,1.3487124,3.182496427018814,1.8386295,4.835707,0.38537181050093,1.86275,-4.820327021454301,1.8607355,0.99405473,0.11984674569409211
2489651430341436288,34.400366210552235,0.74650776,-5.228589212003603,0.66748637,-1.6389089600206848,1.0109396,4.7950144,3.3068930282040103,0.8100782,-3.4722644803446725,0.86985517,1.0073007,0.12062758230324887
2489655033818447488,34.6120278287854,0.88292164,-5.2065948273618785,0.6538888,0.3222146619170667,0.9934576,12.687529,4.431538546142304,1.0762033,-11.8884333619867,0.8259875,1.0415492,0.12090280802736574
2489660325218102912,34.58538322478873,0.456099,-5.074040291200267,0.34234074,0.2732494383560641,0.47109348,0.06567131,0.05641467142093541,0.61392826,0.03361704358894249,0.41813263,1.0397562,0.12091553193132516
2489647234157756288,34.49703500609085,0.48048002,-5.281069494077321,0.3156066,0.7662970037222773,0.5303258,5.154854,-0.011290681240866185,0.47485626,-5.154841620289827,0.35738194,0.9596262,0.12110458851338635
2489656992325502592,34.60624640476817,1.0515994,-5.099102829065609,1.0490358,0.23709824006652774,1.5178136,3.2183652,-1.407769707179714,1.1950252,-2.8941420880238424,1.3821709,0.95780003,0.12208778499062181
2489672836458426496,34.43725965796028,0.026145944,-5.055116358997576,0.021164004,0.32608601883705574,0.030342488,7.7007327,3.757670965586693,0.033531677,-6.721695459064938,0.026956903,1.0398797,0.12209289124522957
2489661360305809792,34.504074589025905,0.11504515,-5.037554742597756,0.09097609,0.9183997798425774,0.13263144,2.6921608,-1.2097048868653826,0.1571709,-2.405066275074521,0.11217781,1.0016854,0.12251335340323641
2489647955712262144,34.48075217677287,0.58454186,-5.281087047553016,0.42693332,-0.18857727487042447,0.6667555,3.6519923,-0.35028710762289916,0.63906866,-3.635154405905313,0.5640334,1.0116642,0.12259466916416373
2489672729083659264,34.488480605107796,0.6585904,-5.037875203306869,0.655595,0.948854118384757,0.888533,1.1864612,0.25990983365484993,0.9084684,1.1576429460038486,0.9710786,0.8708308,0.12266418875671299
2489666922289507328,34.41048776495236,0.8651493,-5.07575332311274,0.89188623,0.6584470033077783,1.1155957,14.832062,9.495620503900845,1.2451936,-11.39400084423215,1.3797663,0.9973828,0.12266781256718233
2489649158303110528,34.605112753389,6.696659,-5.22409820456314,6.896067,,,,,,,,,0.12274135964031549
2489666922287870208,34.41762779678414,0.15174513,-5.068697737458272,0.12486255,0.5785874344040669,0.18403977,11.131695,-4.157898841557841,0.18070735,-10.326011451639902,0.15048945,1.0261387,0.12275383905548849
2489651151168009216,34.41642677380566,0.43811995,-5.250238207006475,0.34301698,1.946522261017724,0.5479029,6.8294597,5.839371475552211,0.46841693,-3.5416465084036703,0.40860504,1.1314034,0.12276280928126142
2489656923607287936,34.615291348400454,3.9420533,-5.114880807005326,1.8996773,,,,,,,,,0.12336943963544664
2489647852633047424,34.46411903204544,0.25951502,-5.278792108473805,0.18676183,0.1703175787285213,0.2851792,2.7181,-0.7514659753451072,0.282639,-2.612157514674094,0.21971448,1.1333714,0.12405047171368232
2489648647202619392,34.51960085752548,0.06873312,-5.283025111117431,0.05118589,0.5052978692345065,0.077859215,4.230111,4.097346412937525,0.07784808,-1.0514711453537067,0.06007297,1.0503682,0.12456205449833999
2489666784848913920,34.39692599532494,1.3842604,-5.089158787905878,1.8058321,,,,,,,,,0.12473692798345534
2489656614366347136,34.625580057307424,1.8174382,-5.146882293117095,1.0573897,,,,,,,,,0.12575278774379955
2489648196230432384,34.426028121471525,0.066534534,-5.26215938863608,0.050793346,0.705215518049566,0.07857102,11.376481,-1.3811873720152137,0.07418165,-11.292327029439594,0.062681295,1.0773772,0.12595189405553484
2489661218573220352,34.54374176544567,1.810287,-5.0414923974263255,1.9275702,,,,,,,,,0.12626168223644899
2489652667291985920,34.373875119631265,0.40053022,-5.176719286975991,0.30451208,6.632092565704034,0.47321767,14.846565,14.065458682781205,0.43877923,4.752195181032825,0.34760165,1.906149,0.12672550578592354
2489648131806011392,34.43719053844547,0.4087918,-5.270683209362814,0.50285673,1.1834526772163256,0.6533382,25.158327,23.11168394319041,0.5471573,-9.939392751854065,0.41633537,1.0958563,0.12713652809763862
2489661424731647104,34.54139188185927,10.073658,-5.039701013861766,8.264621,,,,,,,,,0.12716669947632334
2489648131806011520,34.43749408904261,0.22375137,-5.2709557782324525,0.17231071,1.6288496510772204,0.26830313,25.70287,23.80841909759954,0.23995745,-9.684866128990189,0.20521376,1.0884955,0.12722569577283538
2489651494765320448,34.38561049850005,0.35419846,-5.21790268292931,0.29223764,0.10968439796530478,0.455174,1.6659323,-0.2171645628056863,0.38265595,-1.6517173378998347,0.38533968,0.9628973,0.1277961214697884
2489660393937581696,34.58017484718471,0.7581679,-5.059594232099527,0.5402632,-0.7072329621933859,0.85717684,1.8826765,1.8549928368445419,0.9195889,-0.32167098241956316,0.72650295,1.0011716,0.12828724412426135
2489673107040782720,34.49679651207872,0.25726283,-5.031359422828446,0.2084804,0.800554079481288,0.31143337,12.486801,7.415341277047734,0.31129184,-10.046537021954933,0.27710018,1.1184987,0.12868133535379392
2489648161870770688,34.4207064016737,0.8430286,-5.262479760547502,0.7250509,-0.32734208920810565,1.0411193,5.614468,0.41596874340609014,0.9661413,-5.599037725870822,0.9754004,1.0862273,0.12937698858501506
2489661394665548032,34.52006911752158,0.088539824,-5.032094002840877,0.07123734,5.770291953119964,0.10583323,87.81859,76.0354763242824,0.11315256,43.939850445562705,0.08913407,0.999713,0.12945876508832127
2489651426045841536,34.39320599022492,0.35803694,-5.234113740506145,0.28034186,1.0837024237638246,0.45438066,26.06738,21.824968366769767,0.3775211,-14.254091055502238,0.34168366,1.0348872,0.129635278604881
2489665964510733184,34.370734975484474,4.579573,-5.140705532891996,2.9933498,,,,,,,,,0.13018679438796563
2489661184211565056,34.571657655786915,7.75778,-5.04964386775665,2.499642,,,,,,,,,0.13142315151183825
2489651499060413056,34.38548981079017,1.3713787,-5.226201392174348,1.073518,2.533614361485985,1.7048199,4.9504156,4.5825021016169805,1.5161983,1.872775942781643,1.5262762,1.0100361,0.13186722193274536
2489672870818164096,34.44335066302387,0.15705469,-5.039168839767489,0.12091672,2.1280377403357407,0.18181634,7.612811,0.9324870781439348,0.19616531,7.555485373508453,0.14926364,1.0909594,0.13335991801793937
2489648402388860416,34.54293241272055,0.78357613,-5.28639648438858,0.6129214,-0.20165513486040487,0.9257009,3.681935,3.6272840999588407,0.94943625,0.6320255968338157,0.84827006,1.1773316,0.1334287323669769
2489672836458404224,34.42977823125232,0.03583989,-5.0460873883271145,0.027303232,0.9311440177468255,0.041857645,13.162913,-3.907550091092076,0.044703122,-12.569539805085515,0.03282634,0.98170996,0.13367578338036787
2489647852633046400,34.45947538313407,0.72260904,-5.287503868663288,0.4690934,-2.368575767658916,0.80577564,5.4521484,4.832129371325969,0.7063636,-2.525162749658194,0.5829395,1.0551448,0.13373880543031383
2489672866525402240,34.442383795534326,0.96980816,-5.0382261187637125,0.87779367,3.266245818007116,1.2286781,6.4163046,1.0560655362538574,1.476865,6.328798662454439,1.3382161,1.0074784,0.1346224396825742
2489647096718801920,34.46996481112456,0.3200897,-5.292208143420948,0.22940618,0.4798906006375043,0.35874474,19.614603,12.495606901177348,0.3430035,-15.119274571187454,0.26731288,1.0412006,0.13554958688191523
2489660359579847680,34.597363103420875,0.7798126,-5.0651210209369655,0.7064316,0.811100833964041,0.925707,13.535287,12.80045274116671,1.2186155,-4.399136866849696,0.9579012,0.95511585,0.13566646196245585
2489648539829813760,34.574408258752705,1.8317993,-5.274658220217022,1.2128662,,,,,,,,,0.13651451754392627
2489655033818447232,34.62710573171393,0.75927204,-5.212340271581396,0.6056672,0.8824219190751705,0.88956934,3.5624857,3.5017330802186293,0.89809304,-0.6551108900311859,0.70806503,1.0517513,0.13697367314014386
2489672797803138688,34.474037603692125,0.17818274,-5.024705465312575,0.15462214,-0.20678125268663186,0.226822,5.7003317,-0.6138180712968462,0.26102957,-5.667186953277166,0.19351596,0.891315,0.13774588809013322
2489672973897391232,34.45502692108455,0.11010465,-5.029603298883574,0.09095052,1.3286037685694483,0.13083026,21.501497,21.481867649115276,0.15009454,-0.9185783004285274,0.12526666,1.0557573,0.13787936376471344
2489660153421431296,34.60521125001016,3.660541,-5.070328412858762,3.1774867,,,,,,,,,0.13791801575176918
2489667025367087104,34.41201417096041,0.4399254,-5.053132336174732,0.39485538,0.5261618321609713,0.57896614,15.9744215,10.514225369013047,0.5246037,-12.02635520828894,0.45749938,1.0071685,0.13821038082517084
2489460871232303104,34.57534959023757,0.086018614,-5.276236176668626,0.068091385,0.22320319081227355,0.10358089,5.4229717,0.47965766964597056,0.09712545,-5.401717196105953,0.08269841,1.0234509,0.1383485903741193
2489649093879216640,34.61748945843438,0.089978546,-5.234047053957994,0.07311448,0.10249118732983821,0.10800092,3.63489,-1.0357043640525778,0.10524667,-3.484213246545194,0.08527686,0.9667083,0.13846287231004428
2489672969601900288,34.45356634838411,1.27133,-5.029089704140575,1.0746449,-0.09330930876599441,1.6251938,32.398605,13.673045267497422,1.6271504,-29.37205052766566,1.5776855,0.9512206,0.13884306884897296
2489661184211639808,34.573084828631586,0.95162123,-5.041441771584741,0.82789665,2.6779950581097403,1.2285298,12.318027,6.2279481606514935,1.2472273,-10.627625784355285,1.3116854,1.1502652,0.13912090982719358
2489672905177881216,34.4172020958106,0.027453227,-5.0471091404739035,0.021507753,13.413799545768887,0.032902595,64.46771,62.79298130002481,0.03482948,-14.598882789158873,0.024944762,1.1644303,0.1398098024139411
2489665960215184000,34.36053322078474,0.47945586,-5.140943311366739,0.37870172,-0.2824059760309682,0.6086949,2.6715007,-0.6222432316939529,0.54750574,-2.59802399145175,0.47629404,0.97123146,0.14021068233624934
2489651185527671808,34.391287512040996,0.2563193,-5.249687429548967,0.17882065,1.1423869925807328,0.3287853,16.221315,13.326134345118334,0.24221802,9.249067003638801,0.21739179,1.045499,0.1405917664507683
2489650738851072128,34.39853437204301,1.7777832,-5.2590383464539565,1.0943333,-3.1082781047375025,1.97139,3.2292092,3.2099433139683002,1.6626166,-0.3522152423551053,1.3955559,1.0585123,0.14149187904286678
2489666063294467584,34.363121274626664,0.74870014,-5.12208395278737,0.5878779,0.1607044304502762,1.0486676,5.7054634,4.402152340193997,0.82695496,-3.6295134510751024,0.86461467,1.0116416,0.1415084147938319
2489647886992784512,34.44669755351699,0.18236095,-5.29135062881212,0.1508891,1.4577451651731603,0.23591073,12.390154,12.256349244009462,0.20132264,1.8159899444547922,0.17726916,1.0242628,0.14167183554794185
2489461249189414144,34.59226292149941,0.030924862,-5.267857520111106,0.025379034,1.4283827137766263,0.036542453,38.178368,18.083331864152566,0.03630273,-33.62411002634552,0.029060025,0.9683137,0.14168309729622247
2489648368029120896,34.53730418227408,0.10326028,-5.296765065159306,0.08396577,0.15758398184583955,0.1240038,14.806312,13.737025380697194,0.11881728,-5.5245807717401725,0.09733871,1.0914193,0.14171807018665147
2489652701651724160,34.35751206980047,0.04678465,-5.167724754621097,0.03508911,0.5744973746521251,0.053168897,1.393876,0.24843500877147418,0.051077478,-1.3715576345581786,0.042999335,1.111558,0.14212544477238673
2489460832577485696,34.56634630634664,0.10008901,-5.286072367113148,0.080910906,0.6786510190290578,0.12189473,7.1149797,2.9779920459666345,0.12757738,-6.461772429890446,0.093213476,0.9844184,0.14233258313368807
2489661257226609152,34.56263593062853,12.584947,-5.031698743038439,8.6039295,,,,,,,,,0.14266416550234975
2489666995302882304,34.39959158467255,0.0242481,-5.056922926259351,0.018446442,0.9707772092966908,0.02842642,6.56901,-5.570307227998066,0.030903997,-3.481891166940231,0.022449464,0.96738154,0.1436251133305311
2489647886992784640,34.440182615165625,0.7306808,-5.291239848024597,0.49048087,-0.3576306619926291,0.88672477,7.9421816,3.820082416175217,0.6632561,-6.963132573757212,0.6101855,2.1623657,0.14412754788565643
2489647066654818304,34.47107188988876,78.830025,-5.301259728125116,40.22731,,,,,,,,,0.14416736420430726
2489648368029120768,34.5401799192543,1.0237405,-5.298556004629824,0.836917,0.39199606257497976,1.3134931,4.691668,4.159038266443229,1.1640978,-2.171209086150678,0.97587466,1.0309988,0.14421520971283278
2489661184211566976,34.58175345980182,1.7454611,-5.040803487161004,1.4334396,,,,,,,,,0.14435344266377048
2489657134057990784,34.63050878951808,0.059756942,-5.096436062113451,0.04940112,0.7182853133523706,0.0717173,4.8955126,3.027090755369378,0.07960202,-3.8474361816004494,0.06253989,1.0682604,0.14469090702485207
2489655794028196864,34.64517128510786,0.18009031,-5.16726464164592,0.14131804,-0.19316468749587803,0.20194615,3.2886393,2.0233403499549754,0.233804,-2.5925358918459507,0.16594766,0.990322,0.14475869132503816
2489654965100980096,34.62939582593387,1.202787,-5.225998228459633,1.5339422,-1.3237183456550197,2.224412,8.639863,8.607833030417943,1.626926,0.7432684423314824,2.118301,1.0981761,0.1447765419272154
2489667025367087872,34.40757353130747,0.052917916,-5.048252462349057,0.039740384,1.1599255761812028,0.06139139,5.4378257,-4.208604289620275,0.0656704,-3.4434863129790334,0.04764738,0.9878996,0.14478897893013146
2489666406891852800,34.37012361705545,14.146669,-5.094845634883547,7.900925,,,,,,,,,0.14484430905043344
2489656756100870144,34.64296025205989,0.30784464,-5.126379010006947,0.25235584,1.2846710296236623,0.36720523,7.5897307,7.521273582748414,0.42355126,-1.017081212458101,0.31231362,1.252775,0.14629484558091105
2489673386213753600,34.473146632281306,0.6949243,-5.016081135824886,0.70952415,-1.3055427334291172,0.9032282,15.228081,14.928351012861024,1.1150321,3.0064543579626912,1.115158,1.0022534,0.1463853903832251
2489661905766072320,34.58787519115623,0.582946,-5.042473867278212,0.47880062,-0.2264584291254414,0.69051516,10.760347,7.875025240483142,0.7848874,-7.332737826565681,0.62946934,1.0601466,0.14653538516073103
2489655411775499776,34.646386666518644,0.19144599,-5.174870310717712,0.16255806,0.2710281346385638,0.23181958,12.8616295,12.380201387505346,0.26310128,3.4859916099927037,0.19522916,1.0237702,0.14654224148500658
2489666887928130944,34.38105051859113,0.091558434,-5.073045371034111,0.06936927,0.6293299247325556,0.112459674,12.119051,12.09492032157522,0.11111504,0.7644007836146307,0.088359684,1.0541041,0.1469663499172118
2489461386628367104,34.61966304832437,0.40560815,-5.246814174584012,0.3314209,0.18897712035725175,0.48939407,65.1122,25.93156550841571,0.44790956,-59.72564216390736,0.35292488,4.198823,0.14743338818880355
2489460832577507712,34.580049906676855,0.9721772,-5.284151805103578,0.88439816,0.5797385818894812,1.2911769,2.0437996,1.9833984755551464,1.6661931,-0.49320094901581485,1.0896511,0.945587,0.14753775077458606
2489646890560369536,34.52926809703606,0.33928114,-5.305181095775274,0.25881982,0.6705958863771686,0.39867485,5.5438294,3.743516013536396,0.36980462,-4.089025883317529,0.2914364,1.0746154,0.14807567251932072
2489661837046594176,34.59911566757305,0.33567804,-5.0495653346669345,0.24093704,0.07661624554558978,0.36066592,23.270777,12.729595711757673,0.43511784,-19.480412283414815,0.30582854,1.1051319,0.148125078048005
2489647788209160320,34.40901632237626,0.03338804,-5.277759418959813,0.027131775,0.6142902886647272,0.04090117,3.2552779,2.9544556197690923,0.037241343,-1.366757689254784,0.031950388,0.9470001,0.14858539556657507
2489655411775500032,34.648815243581026,0.32381696,-5.173541194369403,0.27405605,0.06653606431752085,0.3822893,14.325314,13.360426337856847,0.4412023,-5.168521865177757,0.32015812,1.0349833,0.1488220148818335
2489657065338675456,34.63560231029253,17.826262,-5.0962165999476055,4.1846986,,,,,,,,,0.14935851883637272
2489647440316184576,34.44443792192776,3.9531825,-5.298960159764881,2.29808,,,,,,,,,0.14957196618997096
2489654999461936256,34.642648257394114,0.8502615,-5.207091850139656,0.6671476,0.01087618387541589,1.0290679,38.264244,-0.5999118113555886,1.1936257,-38.25954143865271,0.84700173,1.032814,0.1496607023551485
2489664555761460224,34.35013396394556,0.07525989,-5.143200399004691,0.054957498,0.4548436132326512,0.08932161,6.634775,4.872802469920319,0.08266331,-4.502891924283565,0.069233164,0.9932547,0.15020898434553723
2489666235093159168,34.35310566089374,0.8821143,-5.12573932405424,0.55455446,-0.3401663905651865,1.1193054,14.58708,13.258817481367515,0.7973599,-6.081665043917372,0.78971285,1.0747324,0.15026684257673822
2489647719489683712,34.415215975459716,0.06277147,-5.284997196654047,0.048461214,0.2459860756936099,0.07462993,24.16142,7.044692750746691,0.06794643,-23.111610712586312,0.05912602,1.0422962,0.1508435827669766
2489656820524782208,34.64606134438709,0.36880928,-5.118883299236308,0.30958623,-0.23543237669206885,0.44971222,5.5139794,3.355768776280706,0.48777336,-4.375246656310734,0.3789211,0.9590017,0.151167795863396
2489647513331413632,34.43248268959352,9.406645,-5.295651121930806,6.931516,,,,,,,,,0.1514016544636111
2489646821840891904,34.49505162527613,2.986389,-5.311343170883726,1.6905624,,,,,,,,,0.15142251446662103
2489662730399850368,34.566596596269925,1.1457152,-5.023587049504852,0.99847466,,,,,,,,,0.15168447393741885
2489673072681046656,34.44742540136902,0.047432918,-5.01755832495618,0.03718161,1.312022734380636,0.055842996,10.941976,10.117005247819826,0.058978822,-4.1680965713937415,0.04615759,0.9890628,0.1517658619987053
2489673042616833792,34.444465895532105,0.035365567,-5.018611034717067,0.026660342,0.8726876559121775,0.040404733,8.453095,4.755887574876167,0.04504029,-6.988300864427523,0.032023698,1.0679528,0.15182734777388882
2489657129762494080,34.63350645071081,0.50335073,-5.084906174169125,0.43850082,1.5383719563086327,0.61120003,35.19311,34.400794086314136,0.7337575,-7.425669562693225,0.58784497,0.9975991,0.15270749784373902
2489673248775284480,34.52211292094878,0.1738634,-5.00852407506523,0.13648725,5.6706092407824675,0.21372603,27.36891,23.99830846148061,0.21988018,13.158206401485884,0.17819233,1.123179,0.153069130147351
2489647513331411840,34.43261538044319,28.556778,-5.297671843570182,28.833954,,,,,,,,,0.15315677786889675
2489647509035661952,34.42428243748329,0.76370704,-5.29350283770656,0.5654691,-0.5962277406474581,0.98406655,2.6236658,-0.5190241412933563,0.7352415,-2.5718158423034505,0.7024095,1.000202,0.15332700553466264
2489655102537851008,34.64832291616682,0.15764514,-5.201268668368416,0.13327052,2.1015961617709746,0.18746732,29.978996,-29.96139299546513,0.20768969,1.0271966270860127,0.15324612,0.9609549,0.15336759418591878
2489655003754215680,34.643635035644095,0.029598068,-5.216297468583276,0.02384895,1.9627203841444103,0.034051817,5.0267963,-4.609970915261101,0.035252437,-2.0042080595321714,0.028339878,0.9755195,0.15372036662473654
2489661910061623424,34.60042080683709,0.029665127,-5.042784555573909,0.019932281,1.211878714781613,0.030339338,43.03035,29.618478796707173,0.034727905,-31.214686110543234,0.023767108,1.0378507,0.15408812202370867
2489650807570547840,34.38677727791086,0.026966475,-5.266180897298309,0.020801557,0.8386739123926616,0.031747524,5.486509,3.775724765759584,0.029809859,-3.980663422593883,0.025554825,0.98223543,0.1548838837033886
2489655205617050880,34.65409028328524,0.018124174,-5.183584601950623,0.014379228,2.3024632928919813,0.020507341,16.310001,11.905129933731008,0.02418963,11.148274439819488,0.017557848,1.1134316,0.15525877216367823
2489673450638222208,34.47243360215938,0.5996605,-5.006817479491994,0.51945335,2.711202848227362,0.7808789,8.506208,-6.620384328780287,0.7729415,-5.340982179144168,0.6636497,1.0166013,0.15562603831991662
2489655106833430144,34.65277415174867,0.03736799,-5.195727156079201,0.031185368,1.3506555971085124,0.0455721,7.8814063,6.027160050140022,0.051602673,5.078376599347208,0.03804056,1.1025397,0.1562831896836322
2489661562168683776,34.63064665206379,0.40398356,-5.0733160899222876,0.33289966,1.0366462281849291,0.48227578,11.35846,8.284660405480084,0.5532109,-7.770393920662125,0.4152477,0.9945166,0.15635075407370624
2489673691156336512,34.42299330872088,0.08913936,-5.023608296412887,0.06420137,1.5900063459893479,0.105226375,47.47577,46.91277597368093,0.10159677,-7.289719048049467,0.07560823,0.98011196,0.15648383139755126
2489647509035661184,34.42681321390209,0.21190713,-5.299989787229731,0.17070925,0.24504296668340173,0.26075497,4.80076,0.7849286919129856,0.24535497,-4.736156853844593,0.20830074,1.0564377,0.1578274034522978
2489651842658265728,34.354112621540146,0.015953999,-5.222294670407072,0.012448957,2.7068258876087183,0.019028192,11.047653,7.670514637752893,0.017122298,-7.950712982505675,0.014234405,0.9995996,0.1580856496593245
2489651842658041472,34.353708741023766,0.31470522,-5.221904725745804,0.30120406,3.2080140801014165,0.44333968,10.81395,7.546292058148423,0.30086026,-7.745642552376984,0.2495304,0.92863965,0.15830255707641813
2489673450638169984,34.464657675763725,0.21805964,-5.005367193732928,0.20122829,-0.006313216346865186,0.2757036,5.00308,2.4974368915177916,0.31427565,-4.335160343981337,0.26353174,1.0110817,0.15859165301346692
2489647680834353920,34.41280692266679,4.0055623,-5.292836573497034,2.1897633,,,,,,,,,0.15870043582013235
2489664452682245888,34.340128647371145,0.021497551,-5.159910580944248,0.015255289,2.7602778991176926,0.02541752,42.425198,40.882227709688706,0.02180587,-11.337581252293505,0.018357916,0.9350663,0.15922929590299167
2489658538511703936,34.64928861276329,0.19702584,-5.095986812241691,0.16199836,0.004913194596225981,0.23391116,6.0391273,6.003951672527069,0.27056977,-0.6508648581841878,0.19517037,1.0196574,0.16188000299149372
2489673832890816000,34.44918955735714,0.26248163,-5.0061405078069265,0.20906097,0.5179526493970829,0.31502005,3.4078393,2.8233801390470674,0.35404766,1.9083746645486435,0.24791554,0.949533,0.16197248494929423
2489661562171968256,34.631737170293015,1.789614,-5.064522567665749,1.1582488,,,,,,,,,0.16226983129592534
2489646684401938304,34.44507745403601,0.8276554,-5.313238744824241,0.54854155,-1.914716596961307,0.9390274,2.242155,0.7879050038845794,0.7532392,-2.099158059179823,0.6628274,0.9809593,0.16270765999756354
2489673450638222720,34.465561410171595,0.271342,-5.000686857252033,0.2473362,3.4041771948566026,0.33386254,56.693153,47.70743713592241,0.35306063,-30.628647677113793,0.32531717,0.92171127,0.16296663632513705
2489460763858007552,34.58545024538327,0.18165095,-5.299767017684569,0.14540628,0.18542255862472345,0.21751565,2.7456787,1.4601171443809378,0.20780666,-2.325254621615094,0.1683323,0.9760349,0.16362949847702868
2489663005279628032,34.55082154551237,0.73109215,-5.004107023119824,0.81503993,3.6300804145970527,1.0756172,39.893253,39.89195798820178,1.0822166,-0.3212786711844877,1.240984,1.107151,0.16390521907749628
2489662700335605376,34.59172783825159,0.22205515,-5.022613125006118,0.16495408,7.32179751697773,0.24479353,77.018715,9.638949733532222,0.2866583,-76.41317040059734,0.20473228,0.93292373,0.16499124520415284
2489655583574192512,34.66604430434581,0.14125726,-5.17066669178471,0.11665577,3.8418633625136196,0.16932422,26.753618,26.43474264657702,0.18898584,-4.118303035121739,0.13535985,1.0245869,0.165707808473259
2489655106833430272,34.661535047028046,0.059178334,-5.201179563553583,0.048766408,3.615854394252756,0.071392246,34.23094,33.868662826261136,0.08126892,-4.966986814046806,0.0600099,1.132203,0.1660561005118362
2489662970917967104,34.568466872205086,0.083802015,-5.008537316046378,0.0686925,-0.03354499527179486,0.09813035,2.0774348,1.2203794226322309,0.110677965,-1.6811927171838446,0.09106352,0.9692135,0.1661064883112448
2489661665249964800,34.63097779525984,2.7060604,-5.056120208993123,1.549424,,,,,,,,,0.16676001549024688
2489651048088794496,34.354027371326,0.34575802,-5.241717373757154,0.24497627,2.1373578333078753,0.41015223,46.60582,39.37894773690092,0.33290318,-24.927915046804884,0.28260773,1.0007337,0.16676978294909434
2489647474675921664,34.41753175112653,0.20789295,-5.30541413272373,0.15480372,2.107007418970774,0.25879413,12.537217,10.387356552334143,0.19823536,7.020302030512569,0.17938241,0.9167192,0.16700406384745342
2489666338172312448,34.340239302493536,1.1656901,-5.108072131216917,0.8440623,-0.15640550762872507,1.6659797,0.9609043,0.9037829574455003,1.1540015,-0.32636402669934167,1.2213347,1.0076385,0.16738443899766547
2489673485001425024,34.47119733564681,0.86378574,-4.994953777258267,0.84560716,0.2542596087575502,1.1018122,2.1691065,1.6621399451843435,1.3146975,1.393669025039638,1.3060561,1.147437,0.1675232195811634
2489674206552414848,34.46216087493082,0.23296484,-4.995654470711359,0.19803862,0.35895296043576613,0.28864083,12.314546,9.804656924208125,0.29644895,-7.450955646827922,0.24440923,0.9216453,0.1686144014823638
2489667197165773696,34.34491487030042,0.36783978,-5.091157607392037,0.23266354,0.0692230177780503,0.46348354,5.425019,-0.6950480579997231,0.34745973,-5.380310084233907,0.3108136,0.95887434,0.1691172362348051
2489467429647257472,34.66422905800487,0.13750821,-5.204315424409987,0.11480759,0.020918360926265298,0.16593088,12.6089945,9.93518375117905,0.1924649,-7.763946859250231,0.14268677,1.1113641,0.16944915149677142
2489646650042199552,34.44708699053667,0.6424357,-5.321289795235488,0.39975432,1.0531883801404338,0.6917478,19.892673,19.769642359654334,0.57810074,2.209002889470709,0.4521837,1.0175428,0.16967939617394914
2489460592059316352,34.6027065853062,0.4441268,-5.29553029221569,0.348458,-0.05880234223226685,0.50139153,8.183288,6.80442251730518,0.5204484,4.545990736470953,0.41880056,0.99508756,0.16978826089165566
2489666338173794176,34.33719759550133,0.9336348,-5.109578189007916,0.7598031,1.819879778157841,1.3018371,13.249989,-4.685684585908439,1.0416708,-12.393810933365895,1.2195479,1.1083521,0.16981360807365428
2489674206552414976,34.454908400097466,0.27464882,-4.996076353663809,0.2511299,0.11161649805645824,0.35573512,2.0599194,-0.10311547480660097,0.399133,-2.0573368390776023,0.3502032,1.053169,0.16996807844311168
2489673347558956672,34.52355439266993,1.0270057,-4.990316389385666,0.8927545,-0.7168116116330074,1.3428328,1.0393535,-0.39664948898630725,1.439515,-0.9606897829587001,1.2781564,1.0417211,0.1712982152773391
2489646650042281216,34.44518095169145,0.44853854,-5.3225564440306385,0.2988979,4.131096849785009,0.49053946,43.68054,27.31794647529059,0.4157998,-34.084000974895595,0.32333446,0.9867555,0.1714786821416749
2489667712565129088,34.36741890481898,1.0177181,-5.050335088297119,0.8573873,-0.32687476999219134,1.3151629,8.637599,7.9066133777882905,1.3381754,-3.4775837312603217,1.2319492,1.0637176,0.17165870619459608
2489655927171647616,34.67227802657714,0.5941179,-5.146280043232189,0.5398024,1.0112856175751868,0.72799075,25.67513,11.152978282020902,0.8165063,-23.126250401762373,0.61886746,1.0272776,0.1721236767345261
2489461107455415168,34.637165353578254,0.33648565,-5.265203417453716,0.27520734,1.0068083309194749,0.4039926,3.301407,-2.929514426172588,0.39308894,-1.5222461864451686,0.31553924,1.0417571,0.17240936752718888
2489655927173721344,34.672529943700845,2.2015896,-5.145785921432781,1.3341488,,,,,,,,,0.1724138807289233
2489664723266074880,34.327550370633766,1.4391413,-5.144316914074312,2.6740062,,,,,,,,,0.1724732930994688
2489656030250797184,34.671189041716936,0.4027521,-5.1338188381774605,0.3264485,0.3212377125746432,0.44953743,0.24634185,-0.1409830027177454,0.61256105,-0.20201014819702703,0.37929103,1.2445486,0.17249165539485303
2489647410252038656,34.42067534844941,0.14685519,-5.314226929619668,0.110936314,1.339815818505657,0.17608613,15.804018,-6.3208888574507505,0.15859514,-14.484935057237006,0.13228193,1.162047,0.17328158882639697
2489460592059316608,34.61137763747821,0.1996854,-5.293809343329589,0.16188857,0.39830464667644694,0.24030516,5.302915,1.1820568784871264,0.22994925,-5.169492178665852,0.18228425,0.9810598,0.17379699241164764
2489662975213511936,34.57583570269425,0.01556106,-5.00277833044396,0.012782122,3.659818758194855,0.018914774,23.501017,23.17359887142262,0.024332654,3.909233867512131,0.018399585,0.8434311,0.17442488750588378
2489664826345291648,34.328059613239404,8.419893,-5.123867461642282,7.849089,,,,,,,,,0.17502472170682146
2489674275273588992,34.44166560167566,4.0971994,-4.994507978141928,2.4326491,,,,,,,,,0.17539919551931157
2489646650042199168,34.447225621479745,0.28490362,-5.327729929389098,0.18792704,2.3968368562431475,0.3056301,37.626385,37.25620223803059,0.25917402,-5.265000188649307,0.21641603,1.1085429,0.17577103179115172
2489658572873555200,34.65701270208954,2.4699976,-5.0786200322685096,14.349089,,,,,,,,,0.17628883660924924
2489655617934023040,34.67701306768906,0.648451,-5.162143984038385,0.56124955,0.9710481665914327,0.79117733,28.216715,20.61759221357945,0.9002129,-19.263900394755634,0.6961363,1.172362,0.1763026383221028
2489460592059338496,34.608675247000285,0.3468253,-5.299245513021158,0.27261224,2.079862107282746,0.4009465,36.02512,35.99281980575108,0.42689443,-1.525191676949867,0.30221587,0.9255492,0.17635178351498335
2489650945011030912,34.350923837971685,4.027155,-5.255387460096107,3.9815023,,,,,,,,,0.17646783000656752
2489461141815133184,34.651813704864594,0.13241635,-5.251060192438897,0.106843956,0.2610689304340704,0.15562196,19.954338,17.685384231037972,0.16305348,-9.241362220879623,0.124369465,1.0598092,0.17648708691374534
2489467468302058112,34.6725060445368,0.089550115,-5.2010173429341,0.074114144,1.6443746884646662,0.107493274,26.074955,26.053311495320997,0.118654564,-1.0621993551518965,0.08594058,0.9531523,0.1766240637007419
2489647302878927360,34.42269766898927,2.1287086,-5.319396527991659,1.9929281,,,,,,,,,0.17701305645303445
2489655961531320192,34.676737561878625,0.10656334,-5.136531138486043,0.088246115,0.7061039841345986,0.12077405,14.629415,14.52526285190978,0.15300462,-1.742560501137827,0.09862734,1.1090732,0.17757658960603595
2489460596354385280,34.6127201305979,0.109072566,-5.298327218586938,0.08763317,0.5067864026134767,0.12943108,5.1317854,0.9198362461023963,0.12827376,-5.048675184507705,0.10177737,0.91992795,0.17813789626239276
2489662047500576128,34.61830505331349,0.07253339,-5.026221235315855,0.053069025,0.8286790780582098,0.077503346,5.7245264,2.349939356118413,0.09239508,-5.219960580476868,0.063263275,1.0813152,0.17827352315867084
2489459114590563712,34.54936604057877,0.3288047,-5.3316356945650725,0.26563084,0.2638875774104311,0.39430544,3.7856007,3.385201485685665,0.3840813,-1.6944564097901076,0.29697108,0.9980148,0.17853435165480774
2489646375164291840,34.46252556281113,0.08599807,-5.335056709458856,0.05717283,2.688950776497836,0.09721692,13.589877,-6.509108778922981,0.079178266,-11.929638317336286,0.06870423,0.900563,0.178990231107302
2489467257848583936,34.66443247062127,5.1964297,-5.232720802811598,5.304866,,,,,,,,,0.17917173390459767
2489459045871110528,34.50996515522571,0.6450928,-5.339018617978187,0.4635197,1.8926800538442816,0.724109,1.7879139,0.7145904350554353,0.68226933,1.638901010377986,0.53993255,1.0190293,0.17929207570226646
2489662043205030272,34.61504626576958,0.15326971,-5.021243830093657,0.11670673,-0.0319973797969615,0.16692652,6.8501134,4.820736352043583,0.20946586,-4.866678091823915,0.14306553,1.006287,0.179954622261071
2489461004376178048,34.637974465534896,0.36421588,-5.277499496002015,0.2939581,0.1640279786883379,0.4304377,7.457263,-3.261834673675125,0.42389947,-6.706057451541503,0.3380166,1.0554454,0.18078644198589508
2489668056159244288,34.38143872307472,0.24880761,-5.022865345106465,0.18032514,1.4539285269337667,0.30085415,18.756088,15.713513438676056,0.3009674,-10.240916839265218,0.23577219,1.1775286,0.1809796460094931
2489668021799503488,34.369875931896374,0.18647088,-5.033492338657928,0.13356131,2.745181874873756,0.23555672,6.1563334,0.053447417281672766,0.21522564,-6.15610120541896,0.18101059,0.9718795,0.18112037552295418
2489647577755136384,34.39431538853999,0.3593953,-5.3081659521767035,0.31345218,2.739603710585605,0.4666124,16.220568,10.549292451652505,0.36806932,-12.3214959554041,0.35886732,0.99891096,0.1817425083290427
2489674348286912000,34.4795420600106,0.11639708,-4.978762957425297,0.09892186,2.031976117416624,0.1427311,28.959375,-19.546117594450827,0.16142356,-21.368076533564683,0.1269039,1.0597677,0.1823807579436792
2489658572871444736,34.66552766819493,0.43764633,-5.0816301969923785,0.3634891,0.4025311809715628,0.52035767,8.515788,8.51506359434798,0.6144043,0.11104388517138011,0.43858677,1.090908,0.1825409581260396
2489674859387496704,34.542410919031134,0.5544836,-4.981729004949495,0.5690867,0.6223367115921998,0.719592,14.218815,-9.017114705292695,0.7940152,-10.993922320043444,0.77073735,0.9869594,0.18320770714651968
2489655725308719360,34.684005149216595,0.061552033,-5.158622249461233,0.05047441,2.340828741072193,0.07285091,17.807644,16.756602370544865,0.082465835,-6.0273108801378275,0.058269523,1.0672615,0.1832590436202985
2489673897314770432,34.429996913568395,0.4861816,-4.990416010762478,0.37618122,-0.20210234872875044,0.5942348,3.8397295,3.8370164254478887,0.5764398,0.14431619240638158,0.4513785,1.0451382,0.1833629521118073
2489674859387446400,34.53435373177187,0.12175144,-4.9792552435978,0.0993893,0.1675493598624751,0.1487628,0.21885917,0.10629728169868552,0.15965672,-0.19131185293479225,0.12899965,0.9336788,0.18395546014459166
2489647371596705408,34.41021560879502,0.40963605,-5.32134292982083,0.26320893,2.195472906405398,0.38554606,8.559149,-7.358359447305951,0.48946878,-4.371908147668035,0.31760252,0.9972002,0.18446196556837466
2489667270180208384,34.32969305454791,0.51430666,-5.085765313266655,0.38493407,3.184283472847322,0.6768954,19.490685,4.3419586268875765,0.5212799,-19.000898895703955,0.45782313,0.956309,0.1851650820351243
2489667167101575424,34.327738183553606,0.066709064,-5.089253910483714,0.052047342,2.8607478387074496,0.08289627,41.31503,39.4892820595328,0.072909005,12.14611878290327,0.06389484,1.0260019,0.18559235231835464
2489667167101745152,34.32733059929581,0.47571224,-5.089511981631748,0.37035888,3.045165026292044,0.600935,41.81066,39.455031051059215,0.5161184,13.83589755671456,0.4923824,1.1170217,0.18586966365161925
2489647543398701696,34.39497482276891,1.327649,-5.31420373927838,0.88624626,-3.164359069053664,1.567931,32.898773,-10.160617997826119,1.356018,-31.290432887583695,1.2720944,1.102063,0.1863278398506774
2489667923015818112,34.357699506145224,0.06328999,-5.038957229018412,0.052421547,0.07513189741342322,0.0806391,6.3991027,5.369633080484682,0.08190926,-3.4807409398351226,0.06236037,0.97243094,0.18639391070926384
2489674107768722816,34.42386503721918,0.17601791,-4.989725420653482,0.13282219,3.59092953396433,0.21181306,8.918524,-2.0324154171955757,0.23095226,-8.683855830595821,0.16829629,2.2712896,0.18640236232669197
2489650945011017088,34.34330002767064,2.0773237,-5.2620073186342395,1.4927597,,,,,,,,,0.18643875806192498
2489646375167595904,34.466621858462354,3.6522188,-5.344570079535152,2.2660134,,,,,,,,,0.18753899918035175
2489650949304847616,34.34132431112197,1.6384858,-5.2615501463757415,1.2088637,,,,,,,,,0.1878412748708154
2489461077390721920,34.65818332717325,0.03817173,-5.262707819781677,0.03110507,0.958173187102836,0.045465156,64.15321,11.490452525516847,0.044401087,-63.11580429412804,0.037065305,0.97616374,0.18804887600640724
2489674073408984704,34.40931729925479,0.13934778,-4.994191750689348,0.10247174,0.5819377173393834,0.1676427,2.8426876,-2.5540892917178786,0.17353301,-1.2479984989880477,0.13286681,1.0414625,0.18881926554883577
2489460390195955328,34.59851867039756,0.017721588,-5.323362810123337,0.014185963,2.1233564056834355,0.02097852,7.313312,-5.422642697280982,0.019887086,4.907084507239938,0.016262176,1.0046604,0.19055404253709832
2489667510698958464,34.33212290509373,0.5019739,-5.067267773254062,0.38513407,0.2977524200372782,0.65838414,19.384228,15.85784389738794,0.5633501,-11.147963985635153,0.47063944,1.3137345,0.19120726180883318
2489458908432132608,34.55619433667122,0.14266893,-5.343319877931216,0.11570789,1.3580204519793053,0.17321707,1.856336,1.7263122764863637,0.16238132,-0.6825169328078866,0.13068946,1.0103532,0.1916676552162264
2489646306444814848,34.47323432876565,0.08172943,-5.350218976423921,0.054371294,0.49651125235199767,0.08644174,36.83026,10.638202382699927,0.081827305,-35.260414675025174,0.063631676,0.9074183,0.19207696404481003
2489664379667284608,34.307822301632655,0.44476664,-5.1768376005795,0.31719276,0.8883386718503445,0.56187946,9.507053,-3.838028471512056,0.47439733,-8.697908126401419,0.40082464,1.0163674,0.1921412189060634
2489651769643225600,34.32065225107347,0.40613356,-5.231965838600894,0.27551353,0.09608058369999328,0.4970698,5.053896,-4.856021803011607,0.379982,-1.400326537114412,0.3008916,1.1363859,0.1925689547893928
2489665582258067712,34.31269650345827,0.12516282,-5.112028318935083,0.0984958,0.18106299216606422,0.16465348,3.8283713,-0.2770444003066486,0.13931021,-3.818333735587924,0.12649582,1.0369748,0.19262656834316705
2489652151895911168,34.31361280870921,0.08320174,-5.213060581091299,0.05619996,0.46637301938448067,0.09861067,4.403359,0.20647713023721223,0.08223181,-4.398515400844271,0.06849317,0.97443056,0.1930641232708069
2489647341532562048,34.39851109295912,0.07445639,-5.3247524558785075,0.053057514,2.3033789264818685,0.07846029,24.690582,20.67916512390424,0.079020225,-13.490625860842583,0.063450225,1.8786063,0.19328269821597865
2489662837774558080,34.618833512271465,0.052674104,-5.007081306097246,0.039061554,1.5820431245551512,0.055023678,19.158163,11.902597193319364,0.062381566,-15.012109106427463,0.047525097,1.0292023,0.19337424116834137
2489646478243506816,34.43542276693949,1.7243087,-5.343095333429785,0.8734122,-1.2178847264213373,1.3734468,3.8340156,1.4872012381229474,1.7798179,-3.5338233670441093,1.231531,1.0322195,0.19406066691510768
2489647337237353088,34.39831249903692,0.16659492,-5.325832180917668,0.12578,1.9867980120432494,0.18937449,24.53724,20.597944258975055,0.17777762,-13.334195151770656,0.15232258,1.0251461,0.19430681115566603
2489674962469934464,34.55263823791249,0.12537502,-4.971657036441177,0.1510723,,,,,,,,,0.19550456923676177
2489646272085076352,34.45247482330673,0.36703658,-5.349723525633674,0.23496749,0.9526691809343013,0.38771176,11.744609,11.650953113480917,0.34330487,1.480244700225629,0.26759684,0.9926909,0.1955373673329778
2489674966762201856,34.55234416977567,0.024825703,-4.971486862169844,0.02042315,4.007564252321402,0.028663937,46.618336,-0.8032462460695935,0.029587355,-46.61141634861476,0.022729248,1.2643322,0.19559023754553048
2489647612114874496,34.3726921259025,0.17974128,-5.310265231946614,0.14542662,2.056983675133455,0.2194648,20.492476,10.757336523089814,0.19658963,17.441939885801638,0.16473632,0.9822751,0.19660404116273533
2489651666564008832,34.32503732699258,0.78538615,-5.2515596916881275,0.6051002,0.16541171189629222,0.9223284,2.245969,0.4720081633592276,0.8202904,-2.1958108170749275,0.7697549,1.0496409,0.1968373009180619
2489655686653478528,34.69862182595298,0.60373473,-5.157198534010221,0.514251,0.12414622485454321,0.70523566,6.6306868,-1.5755325083727334,0.8109525,6.44078444039905,0.6602716,1.026351,0.19783138723680851
2489458633554223744,34.4812007716742,0.13367073,-5.3569613074218445,0.089253455,1.6372371220455273,0.14261253,13.374897,-4.833829869200251,0.13866395,-12.470843859536565,0.100641355,1.0251311,0.1978484345689532
2489650841931794304,34.33984516880014,58.319485,-5.277772470827671,28.376198,,,,,,,,,0.1982657214202599
2489674137832939392,34.399010014611605,0.53910476,-4.989139684919828,0.46798205,-1.202104153181715,0.7281087,5.2811217,1.5435112658610854,0.68958527,-5.05052680483603,0.61060035,0.9830335,0.19827744831764144
2489674447070589952,34.473953277140225,1.7203009,-4.9631906444290195,1.1796649,3.5094242598315684,2.4287136,0.06895106,-0.042524100885467486,1.348578,0.054276607380051876,1.4616823,0.85907894,0.198513943993404
2489667472043646720,34.321982142332715,0.018267129,-5.0698500241688915,0.014782836,1.6452465014653388,0.023084706,22.737207,14.361052495839134,0.023472372,-17.627841466948638,0.016441433,0.9603712,0.1989163801135082
2489467979405927936,34.69967449184564,0.988741,-5.173694206265301,0.82289225,-1.4659681364060893,1.1835083,4.8473606,3.970796152622148,1.3334916,-2.7802305839458863,1.1237867,1.1366272,0.19932824356474976
2489674893747186176,34.56860101226731,0.4070568,-4.9727059440338435,0.36328092,0.026150460327955538,0.49055037,2.8818345,1.2300644903024756,0.50437367,-2.606129573513448,0.4641661,1.010718,0.19936914874671494
2489655656589242752,34.70053177332643,0.024465835,-5.1666122740179174,0.019270414,0.1649266356159153,0.028214522,5.5050545,4.251640303277977,0.031672448,-3.497024180407803,0.022379996,1.0898273,0.1998216634633922
2489664585825645440,34.299445470471234,0.3070278,-5.168749362686833,0.21460591,2.7015073633948394,0.37271637,30.07914,26.51652803398511,0.32174146,14.19959260594463,0.283624,1.0420381,0.19993766985263806
2489674618869328896,34.45658338724936,0.49457273,-4.964518697900493,0.4348854,1.2095689936224905,0.6428097,20.284533,9.45707549376803,0.6382483,-17.94508250939174,0.5380386,1.0321226,0.2002103254795802
2489667128446297088,34.311100012346266,1.4637703,-5.090487541258348,1.1872988,,,,,,,,,0.20058101370505318
2489667368964467072,34.31429487969967,0.59485924,-5.080503936124148,0.47983858,0.8018161189456154,0.7724584,17.994402,8.090684159204793,0.67859644,-16.07293701678971,0.58249074,1.2615587,0.2013296800255155
2489651666564008576,34.32222553712524,0.121601164,-5.255894327351451,0.08920105,1.6379832503810126,0.13925603,13.908441,10.01753207766956,0.12715401,-9.648511173747679,0.10643404,0.9868324,0.20134778825169175
2489661733967380608,34.66405410788275,0.15557154,-5.042249223517499,0.1257292,0.4349858048612695,0.17829466,6.094568,3.2902519117058833,0.21415365,-5.130107111724649,0.15237774,1.001112,0.20140647140998721
2488149360018892544,34.35523809861647,0.018315602,-5.301328186370825,0.013570778,3.4313503257477413,0.019509356,24.336124,19.774433082971935,0.020492591,-14.18516018709352,0.017061792,1.1886225,0.20188328250289928
2489657443295636224,34.70125972135893,0.042553753,-5.1284742761035,0.0322968,0.29611851651405735,0.047943003,4.6763396,2.679883793902343,0.052263785,-3.8322807901859908,0.037829902,0.99950695,0.2029074747694857
2489664001710090368,34.29771434142653,35.378517,-5.18514923987872,17.738306,,,,,,,,,0.20303117217255381
2489652044521208704,34.30477571880278,0.6457208,-5.2194904628733365,0.44925883,1.7254220494470827,0.7962379,10.766614,9.336541680709072,0.6665096,-5.361806272667438,0.6203343,0.964247,0.20332713670064653
2489667128446358144,34.305873882164306,1.1607729,-5.096968813314273,0.8450742,-0.45438908747222284,1.5533625,4.377667,-3.987634041796966,1.2442482,-1.806306905580064,1.597562,0.97603786,0.203369439866924
2489667368964467200,34.31164325476702,0.13710637,-5.080696177692845,0.11316425,0.24144026062419283,0.17438796,1.9465203,-0.31751136110351885,0.16008258,-1.9204498890666124,0.13593683,0.9641043,0.20368383147606997
2489665547898391680,34.29822120046943,0.29562682,-5.126186368550281,0.2263133,2.5590057988889643,0.391549,18.695591,-3.953845210852025,0.30345163,-18.272717476646225,0.27572796,0.9455341,0.20379711503208262
2489651670859574400,34.32155083738506,0.065169804,-5.260949850073388,0.047137324,0.6756050611363114,0.07440207,9.024079,8.712143820689498,0.067543685,-2.3521400426215435,0.05557316,1.0881106,0.20438734796400476
2489467979405931648,34.704765809620056,0.8147886,-5.176136979554059,0.78243625,1.9674916282386874,1.0583721,6.5070496,-5.546261897452631,1.4178666,3.403038458442882,1.012302,1.0239624,0.2045649758892801
2489646443883768064,34.43615492295005,0.5222322,-5.354622833023297,0.33886206,-0.033876013358556174,0.56640446,26.839483,25.457018596532855,0.46980718,-8.502824949945625,0.36874187,0.936969,0.2047445803787511
2489459771720664576,34.636321187123485,0.06736491,-5.313668963118053,0.05251572,1.530175661419861,0.079764426,12.342191,12.213619807516395,0.08241613,1.7768430667996995,0.060347788,1.0186788,0.20503876578769822
2489674550149802624,34.41665401289445,0.17241822,-4.9723450424670075,0.13406931,0.20280609611520767,0.21632813,3.2939115,1.0401284994581448,0.22226419,-3.125377666645854,0.18037845,0.95314354,0.2052026245125367
2489674515790066816,34.44212933207644,46.439064,-4.962985354300489,22.293804,,,,,,,,,0.20527736187518597
2489658710310400640,34.68279628050982,0.27204248,-5.064635598415744,0.2303488,-0.15201546966038798,0.3204537,2.7645018,0.014372114592317256,0.38692406,-2.764464471635917,0.27412415,1.0358794,0.20552763463449938
2489665547898325760,34.29587025241305,0.35132653,-5.129388408427414,0.2702068,0.5286990543844763,0.4698736,35.913826,35.892562329197204,0.3570394,1.23569720232015,0.33694124,1.0142341,0.2056049271555875
2489667472043683968,34.314535832087785,0.23893581,-5.06887486614026,0.20079629,-0.3936715416536782,0.3120469,5.4531603,2.485601934210665,0.2994384,-4.853734777708536,0.23960553,1.1381847,0.2059847669811417
2489458736633437952,34.54251190063352,1.5023687,-5.361644874747651,1.0944638,,,,,,,,,0.20603836638130096
2489675924539387904,34.48746481783291,0.4842643,-4.953817103482775,0.4082243,0.010751028648162464,0.58117354,5.8875594,5.573746984571542,0.59695536,-1.896496915060812,0.48219824,1.2066993,0.20656203300460346
2489458844007729024,34.57001520997099,0.048336204,-5.354448579915854,0.03817794,-0.01836242112969018,0.055769842,7.389455,6.984280483321118,0.05229615,-2.413269069420201,0.042870894,1.1391228,0.206567188603181
2489467979403090304,34.70689955551154,0.50207746,-5.175516579435783,0.44671193,1.3857752771708278,0.616016,9.687557,7.737257060280534,0.73988247,-5.829546376754457,0.5712285,0.9391658,0.20663608540629647
2489674176488371328,34.40219596281909,0.5050365,-4.9774699248491245,0.3479196,0.8583987611453823,0.56179273,6.9632864,-6.456346126843252,0.61496973,-2.6082464650741093,0.43427277,4.036536,0.2069050361737892
2489657237137206528,34.706312724723745,0.040652506,-5.13248762641467,0.032901283,1.9552002014911265,0.04756013,7.5715837,6.632335201876169,0.054086454,3.6525352369685895,0.038371958,1.0136318,0.20730913565995365
2489658401072752512,34.69589052948702,0.04424139,-5.0889483046186035,0.033869494,2.082128049123042,0.0511332,14.982095,14.910249635760938,0.055342227,1.4654743348108512,0.038505167,0.8712354,0.20763714287783147
2489674550149803136,34.41648161340929,0.3288274,-4.969518122788185,0.25037372,0.23303999533200143,0.40513423,6.531908,6.280384074499686,0.40924597,-1.7951601635116645,0.33696505,0.95972776,0.2078597136054333
2489468018058045568,34.708670110367954,0.27483428,-5.165070068648307,0.21963008,-0.03288328690171657,0.31563953,0.24905987,-0.24891125641247602,0.3625713,-0.008602860406023389,0.2668078,1.0017058,0.20787964317640145
2489460321476478080,34.67336247106591,0.19273335,-5.27628095869468,0.176536,1.6976838883457543,0.27609918,14.409997,14.118096250183035,0.22504158,-2.885720648499662,0.20358863,0.9731113,0.20814647550697354
2488149630601219200,34.32873010901534,0.09506356,-5.280324631745476,0.071627066,0.8432616672151074,0.1103488,15.172898,14.566037413682366,0.09240523,4.2482229322404645,0.08240044,0.9282834,0.20873496934046518
2489667575122959616,34.317535832979544,0.4508436,-5.056947936403126,0.3789437,1.9605666876816297,0.6042118,15.052563,5.940874104040249,0.5477052,-13.830605580442136,0.46101308,1.1030952,0.208928820392726
2489664654546528896,34.2901518263406,2.0253017,-5.151799183140673,1.2305138,-0.4039096826172842,2.0825088,24.144175,24.04621538449044,1.7689389,-2.172713485032362,1.830974,1.0545932,0.20916576357291314
2488145301274177536,34.410366765896356,1.0421399,-5.349524602503801,0.7529684,-1.1416512754456998,1.2470304,6.565823,4.485278433299996,1.1353942,-4.795029729581254,1.1257836,0.935578,0.20949208555959206
2489651941441916416,34.305922956487294,0.27969217,-5.240993996312429,0.20334724,1.7628964527077404,0.33607465,4.3060856,4.0223890073638975,0.3026101,1.5371275799019455,0.25626495,0.9980814,0.2095674923711512
2489674996826404608,34.55368649345175,1.025227,-4.95717361352189,1.1861937,0.4114095470894272,1.3891257,3.032478,1.4496715719885456,1.3443252,-2.6635268050231278,1.4202118,0.97821087,0.20975742166425504
2489460321476477952,34.675749848886966,0.019532213,-5.276087571233303,0.015405437,1.2897416961782822,0.022729523,14.508735,14.18727089335162,0.022621399,-3.037225430398544,0.01828244,0.9787288,0.21001564020437974
2489646169007630720,34.454228342162814,1.0213327,-5.365151729916066,0.633223,1.5135358971682837,0.91356575,9.67381,8.905394474337285,1.1288925,-3.7784330007817912,0.7734609,1.0620567,0.21015410627724707
2489674928108895104,34.58351099406734,1.1202604,-4.966641800193341,1.2276046,2.1846331463957416,1.4746261,3.9962335,3.969127767844003,1.4028708,-0.46465772654840176,1.816758,1.0285717,0.21049130784509296
2489667579418434944,34.32301601395724,0.06222701,-5.044799262521354,0.052248247,0.4532918897974766,0.078649,5.4889665,-3.104131033430002,0.082385585,-4.526933366499916,0.06258463,0.91757625,0.2105921655411906
2489674623164796928,34.45033326305597,0.05268145,-4.955284818196641,0.04210768,0.429848211235758,0.06161882,5.2424726,4.770907134845254,0.066118434,2.1730085102159147,0.0499749,1.0660906,0.21061082364087724
2489658714606116608,34.68910325132535,0.18994023,-5.065488842627913,0.15902126,0.7283965061188602,0.22240458,2.493747,-1.7180217549137349,0.26894495,-1.8075329893589573,0.19274415,1.0764686,0.21072828730655926
2489667953080081920,34.32491428887329,0.6402655,-5.041550257355159,0.5174021,0.9358027281394041,0.8286141,20.867138,20.86695318016556,0.81183153,-0.08802753118542771,0.7207002,1.1244521,0.21082051944541214
2489652044521208832,34.294907317337625,0.95183736,-5.215130541296107,0.5570704,1.4724284040995554,1.132518,7.4269648,0.5880461588949359,0.874335,-7.403648121960399,0.77633286,0.97515184,0.21156739605836106
2489657267201465088,34.710317137690865,0.7370762,-5.129021833749219,0.6289539,3.7625496300078183,0.907916,48.782303,42.578289506408254,1.011722,23.807611159705413,0.8108103,1.0693814,0.2117425992316007
2489662180644036736,34.65991287103518,0.36249864,-5.020367119476448,0.29040247,1.990055872858113,0.37400916,12.877245,-10.590888396483953,0.4880407,-7.325060811244342,0.39233202,1.0624,0.21181737309858711
2489663211436189312,34.63558656526975,0.6988074,-4.996714493595399,0.589201,0.6674199355413599,0.740878,8.061125,6.603831429297666,0.8433544,-4.6228927511324756,0.8272649,0.9996939,0.2118975983233533
2489458083798409344,34.56887349154958,0.75116634,-5.360919427766629,0.5394239,1.585183310486167,0.847833,0.13911143,-0.024394120947040097,0.93097764,-0.13695588606067133,0.70027065,0.97369975,0.21229950473549064
2489662180646085760,34.65866420426016,0.84865195,-5.018012790393988,0.7458806,0.6146112563211447,0.99307823,9.463886,4.1213526681433414,1.3895484,8.519366354950177,1.0423995,1.0740005,0.21245016178738552
2489664276589400576,34.28637565915988,2.9352524,-5.163366511958529,1.6396748,,,,,,,,,0.21279045973214952
2489467601445949440,34.70963075728421,0.24001141,-5.201690787393957,0.20227683,0.38048090898461395,0.28624317,8.450933,5.416685525721549,0.32959253,-6.486739826086463,0.25314656,1.1208138,0.21289043408822642
2489671079816275072,34.35614013319888,0.6353095,-5.0024039661760265,0.46862066,1.1744372115499866,0.6485609,12.686678,10.351582857083965,1.0211139,-7.334612114482143,0.5767444,1.0456,0.213006592896119
2489458083798443520,34.57924411606471,0.6387008,-5.358310229510956,0.47638276,3.2215435628791367,0.72412014,35.701508,29.172365687402227,0.6891342,-20.580835422995346,0.53641284,1.0743686,0.2134302717834749
2489674996826404480,34.5671528735301,0.5369984,-4.957156335441143,0.42613953,0.6293941978948909,0.5627313,9.64715,3.7181185787669535,0.7248543,-8.901858784129859,0.58518445,1.0786757,0.21358755890754796
2489667545058696960,34.30645546397183,0.08983699,-5.0668345933057415,0.080414124,1.1172680205384893,0.1270858,15.200408,11.188547825815984,0.11445901,-10.289256436315755,0.09871755,1.0253227,0.21411243414803202
2489652044521232256,34.29307753163338,0.7900607,-5.220718049245452,0.48984352,3.2696154697429725,1.0048804,16.124243,15.046551390658497,0.68218,-5.795903775740481,0.64704365,1.1026195,0.21483816401612574
2489658435432456192,34.701362009476576,0.025591522,-5.082536558154184,0.018175613,1.5732485222166275,0.026881825,14.992175,6.1925088265959785,0.030776074,-13.653502773442316,0.020244293,0.91148216,0.2149930128600905
2489458358676350336,34.51275437743843,1.0603749,-5.374996690848932,0.8428605,2.171485591921743,1.2988139,4.0835447,3.5910168701354372,1.2718717,-1.9442057041008818,1.1287673,1.0848058,0.21537010527024839
2489675924541120256,34.48393660588001,3.0245419,-4.944798439725022,2.829503,,,,,,,,,0.21579707867487682
2489457980719193344,34.565264154540024,0.5298762,-5.36589299008137,0.37994993,0.04741497131760403,0.5598177,14.144483,12.137755311936509,0.5729183,-7.262319249905507,0.41743314,1.0063757,0.21590346475022032
2489459664346377728,34.63215735398554,0.13561568,-5.331404651904101,0.12651765,1.2452657369597968,0.16150464,12.422412,1.1263334331478405,0.18016513,-12.37124478724633,0.13995919,1.1173564,0.2160954192959886
2489459526907422848,34.60844884897773,0.26558888,-5.347379491508818,0.22490565,-0.11921120586293979,0.31444287,3.0928607,-0.9469829015859667,0.3254545,-2.944318365362634,0.2546738,0.9569593,0.21626826542756758
2489467120409611008,34.70619189097143,0.300756,-5.228233006125448,0.28328225,-0.09321406921289468,0.38917425,5.2277765,4.3496234116677535,0.45029098,-2.9000733257139855,0.35761362,0.91172653,0.2163789900981732
2489664173508782592,34.282794706186095,0.044662733,-5.180372922749036,0.036023367,0.3301177717321359,0.05584089,19.333157,-1.831781973589693,0.050245985,-19.24618132671488,0.045792338,0.96548444,0.21728447972509224
2489458496115267072,34.4630739200383,10.612452,-5.374323744908134,4.626139,,,,,,,,,0.217455024602153
2489458702274260096,34.53853358841332,10.69162,-5.374085573131487,4.165797,,,,,,,,,0.21749497107356228
2489665857136057216,34.28911698399601,1.0212693,-5.1032951425710325,1.0687428,1.262051568071667,1.8128728,3.7273486,3.522403508051141,1.0460224,1.2189339548947262,1.1796113,1.0755516,0.2175634396457526
2489459698706140032,34.646816240936246,0.58733064,-5.322014423225984,0.46428344,-0.03155197753958518,0.68245786,5.21507,4.169023852735124,0.6534025,3.1330807079204908,0.51932615,0.9561468,0.218224147663925
2489459526907421824,34.60269272240761,0.24536018,-5.353015805741205,0.19833031,0.0048657618709122274,0.2916275,13.114052,-1.8594214706693615,0.28632954,-12.981560647573234,0.22359872,0.96582574,0.21842798105434805
2489663314515355264,34.619981734947494,0.17009701,-4.976904008076634,0.13303618,3.6167621649620965,0.18273012,22.036924,21.21264304622046,0.20353961,-5.970749487747842,0.16227643,1.0279195,0.218646716817181
2489459526907422336,34.61031605079711,0.4181037,-5.349397985566254,0.33321825,1.092156537373743,0.5005898,7.6230154,1.4537292933415893,0.47011322,-7.483116473598661,0.36877543,1.1512778,0.2189462803142165
2489675890181436672,34.50867084092969,2.7398286,-4.940726746890611,3.7359385,,,,,,,,,0.21944411510650633
2489458496115266944,34.461844061195535,0.12753664,-5.376192095177319,0.08689027,0.8670499900318335,0.13159375,7.2194,7.052821619489319,0.13072252,-1.5418958710541004,0.10190988,1.0045458,0.21950537584005433
2489667540763161344,34.30190748432256,1.7285118,-5.063112344770242,1.6031739,,,,,,,,,0.21981549757325095
2489458461755527808,34.47685396934217,0.19453053,-5.37961794102259,0.13617581,0.9728460349428923,0.2113419,4.1751523,1.3044344957425276,0.19889884,-3.9661500173162065,0.16000175,1.17299,0.22082360779435972
2489674691884273536,34.43897515668956,0.045822516,-4.947635034026373,0.03346617,0.7512957127672809,0.05337299,12.077385,2.6350030398802193,0.055100724,-11.786432210522324,0.040981025,1.0614823,0.22089625846170446
2489676130697818752,34.46694534854384,0.52663565,-4.941112629405739,0.48222858,1.3231784236401984,0.62390614,5.3948708,-0.8503407290130297,0.6628225,-5.3274337427549465,0.59804344,0.90974796,0.2213518970024857
2488145232554698368,34.41737200204559,1.1881287,-5.365624226993092,0.9229725,-1.769166613360311,1.3828398,10.043969,1.2245160124120986,1.3680662,-9.969045459925532,1.7324332,1.054714,0.2214763713221401
2489662146284244096,34.678006388267214,0.28467268,-5.027190707275606,0.2536087,1.057281647013902,0.3135381,6.690262,6.673373210546869,0.3758437,-0.4750706246525734,0.2963978,1.0826226,0.2215243238289772
2489664276588070016,34.27752140842907,1.5776886,-5.161212807644485,1.2490855,1.6803293792857543,2.321583,4.436872,3.664056164059452,1.3681617,-2.5021039031223404,1.5464652,1.100088,0.22158587844274896
2489664173508783488,34.27763439588059,0.0982439,-5.175017158151358,0.0761838,0.16739980912951022,0.12565303,7.1780205,4.863475996530173,0.10629696,-5.279259294447581,0.092634544,0.9584256,0.22197610681225932
2489459526907422208,34.61632703971854,0.26077625,-5.350030512220049,0.20992742,0.42454378719389246,0.30842504,7.7112713,7.66016541684704,0.30307856,0.886322449192833,0.23846875,1.0511081,0.22254956530416178
2489677028346484608,34.356412209363285,0.01683279,-4.989359942251042,0.014007935,1.4744436382262842,0.020829193,25.267603,23.897514875839143,0.022179365,8.207344971931743,0.016071953,0.99511456,0.22265706746253794
2489677028346484736,34.35530456625154,0.21124595,-4.9899467698955915,0.17811082,0.13805011786625532,0.27413198,4.054864,-0.020729364527402594,0.32862598,-4.05481088114057,0.27249917,0.94835234,0.22291938127964592
2489657370280595968,34.72041951766161,0.71184254,-5.118714480605162,0.65732604,-0.3406339836829173,0.89929414,2.2274647,0.7329275186464635,1.1690919,-2.103429643582862,0.9347914,0.88167363,0.2233762243838243
2489459458187947136,34.63820896762428,0.059901472,-5.335985575970061,0.046119772,1.1167021964368606,0.06822032,6.872509,-6.3433674098724655,0.069367275,2.6444411460091564,0.053580213,0.9683891,0.22340737241246533
2489675374783529216,34.56708234963992,1.7813724,-4.9463432612430305,1.3613569,,,,,,,,,0.22386156301730112
2489665925855454464,34.286526648748584,0.8082796,-5.089633715287628,0.74266833,-0.6004935672281551,1.1449035,5.482187,5.4098126978243855,1.076524,-0.8878622887771066,1.1655196,1.0201259,0.22396713674874796
2489663765487479808,34.28315336002396,0.116811395,-5.219945896888433,0.08501993,1.4627407094786742,0.13961346,6.670768,6.439940942845517,0.123327605,1.7396275473504466,0.1063666,0.947965,0.22412848571637517
2489664173510167168,34.2759594111987,1.6106845,-5.189055993695788,1.1049606,-3.0469425044870753,2.3594756,6.472659,-1.8367999688249255,1.6131408,-6.206567577303328,1.7327913,1.0962087,0.22501704523755361
2489662494177189888,34.6578465197768,8.705966,-4.998509436384903,5.85624,,,,,,,,,0.22538396428930954
2489665410459369856,34.273825351517516,0.17219613,-5.142268887113735,0.13892604,1.0991751485162184,0.21918477,14.273441,6.841865618901398,0.2100893,12.526771606464626,0.16917463,1.044658,0.22596382554083927
2489659195642291200,34.68875871655691,0.0637638,-5.034184164506005,0.04650344,1.0175569268028988,0.062397946,6.621635,6.620989869180819,0.07878133,0.0924423389636858,0.05343966,1.0174829,0.22622182133582433
2489459355108755328,34.62177494241181,1.0963994,-5.351149189848433,0.9336567,-1.5058651165623782,1.3622155,5.365042,3.0942497053584237,1.4903383,-4.382840945066303,1.2417076,1.4262977,0.22636454764422936
2489467949338403712,34.727037569839545,0.020551324,-5.174632539210225,0.016367061,2.0586923633677148,0.023582466,21.900608,10.62917277597552,0.027367314,-19.14829846193636,0.019410493,1.0614011,0.2265819825314323
2489675993260673152,34.51809213934583,1.2413473,-4.933795804672913,1.280544,0.4556947583004308,1.5611926,6.807579,2.98395338760218,1.9039177,-6.11875457483441,2.5064368,1.1480626,0.2269215613033855
2489663318810910976,34.62625326534499,1.0816433,-4.971065673412759,1.0478532,,,,,,,,,0.22695973650973114
2489467945043334784,34.72805694390216,0.6714819,-5.16897253044599,0.571684,0.6727354593039968,0.8969554,4.6922483,-2.771568014173659,0.78771126,-3.786238980087532,0.6940701,1.0273533,0.22730244025634322
2489458053733746432,34.602389732917445,0.05984236,-5.364158763891796,0.0484992,0.6383850608135301,0.07133295,11.209292,-1.5435347038677365,0.06601025,-11.102510322627582,0.05849997,3.1796842,0.22819872732609187
2489458496115295104,34.46169472938026,0.5281639,-5.385619390467931,0.36425707,-0.3114612258464408,0.54796386,19.139252,0.04267106845025659,0.5454813,-19.13920403764653,0.42547622,1.0306545,0.22882084455413562
2489467532726472448,34.725081535534564,2.0396726,-5.206701430832141,2.7835844,,,,,,,,,0.22896839508968156
2489677543742558592,34.4113452787489,0.23959903,-4.948536833678886,0.17997214,1.3727075675364522,0.2893475,7.641961,-0.1646475561248218,0.307343,-7.640187081316259,0.23705588,0.9990428,0.22916541144474634
2488146263346854016,34.342350826107975,0.09833457,-5.328030365432065,0.07041588,1.243992445420761,0.112014905,19.69889,4.290228372448777,0.099376455,-19.226030168614795,0.088718124,0.9926699,0.22995935066795334
2489458255597096192,34.48796343622077,0.22941609,-5.389952801306883,0.1655458,2.064619823542222,0.24290854,29.704706,7.894960292960107,0.25259665,-28.636325318514146,0.19554886,1.0326343,0.23026420054479038
2489676165057513472,34.49158615561942,0.24507475,-4.928967706295552,0.23039475,0.5103658338437558,0.2834081,5.1378965,5.117969705884297,0.30375946,-0.4520705624953847,0.30329373,0.93996614,0.23118552600032868
2488150420875237376,34.29751036578743,0.55609185,-5.273153623751799,0.4014346,1.865555538971174,0.6747902,29.48436,28.45749818409683,0.592412,-7.713513748116362,0.49478573,0.9924874,0.23123350671906454
2488146198922972928,34.35808117132061,0.07811897,-5.343295626550182,0.06031555,0.2100021889949751,0.08446181,4.6721044,3.3093014412678534,0.08357279,-3.2980422809575263,0.08038281,1.0701799,0.23145353868467355
2489662219299267072,34.676100728703275,0.06186601,-5.008325426142599,0.04849943,1.7998851663004414,0.06667196,9.484762,8.874428088218592,0.07295119,3.347421591980998,0.05794126,0.88438874,0.23188653544405274
2488146267641956224,34.34903087684365,0.5264005,-5.336870824774113,0.35820892,1.8869225375450265,0.59595615,9.408002,0.8903577871785977,0.50665915,-9.36577590631241,0.4080719,0.9689221,0.2321327365916009
2489665895791256320,34.27536128109491,0.12099841,-5.098058277837397,0.1009126,0.8890820985993808,0.1525635,4.098613,-4.078201463234117,0.13283224,-0.408533383147307,0.11444894,0.9968439,0.2321610303984152
2489676203712760704,34.471238510804,0.28618556,-4.9295570470033425,0.24631795,1.7763700724477616,0.33406842,3.4546757,2.650649291675613,0.31849146,-2.2155907859798663,0.30668005,1.0517176,0.23221885240759355
2489677161489921280,34.374978339788136,0.56999063,-4.962970028276478,0.55192304,1.9848404145409075,0.80022126,7.796669,-3.5153335445577514,0.90206,-6.9592010180705595,0.9700771,0.9842132,0.23309098132638018
2489677573806783616,34.39453490167806,0.5211328,-4.950775775858988,0.4548596,0.16051651772815512,0.67515945,4.227639,2.5721333246271447,0.7000215,-3.3551546670714543,0.60239464,0.9719017,0.23412163241708345
2487957284786032128,34.44401382413772,0.21642686,-5.387391659714926,0.14319505,0.4730426875483841,0.21599555,13.173845,-4.047702611217012,0.22321208,-12.53659829219057,0.17017151,1.1306981,0.23412625707318696
2489459909159795584,34.67889477807997,0.39004093,-5.3120247318589895,0.3212958,3.284501140164722,0.46778324,15.7877035,2.642451928300602,0.4688189,-15.564993610681883,0.3900903,0.94611156,0.23419207961215802
2489663593688801536,34.60968843565391,0.08287236,-4.9522563620678905,0.058998417,1.7577837163105108,0.08378878,13.892489,12.551426192146703,0.09407458,-5.955077985070836,0.06804324,2.3476818,0.23472255065781977
2489670495700972288,34.29102328491315,0.75499165,-5.05062535712203,0.62129647,-0.5342122557422677,1.0659572,9.871653,4.171154831615045,0.8618267,-8.94712251853934,0.7725596,0.9958298,0.23514015459445192
2489676233776990720,34.47690674660192,0.16338113,-4.925814102965506,0.14129497,1.7061427644859484,0.21326824,4.401776,3.326772016175749,0.2103869,-2.88239833187919,0.1677254,0.88344073,0.23531461673074522
2488150425170766080,34.29538229839006,0.10826449,-5.278046805544511,0.07300716,0.38344841040476235,0.116585426,5.286428,4.891218018814901,0.114349626,-2.005568540603936,0.08817518,0.9304556,0.23549759953722177
2489657198484883712,34.735613239746975,0.80276895,-5.135088485823087,0.92441857,0.23720025340754478,1.2674739,4.9896984,0.8848807291735352,1.7932719,-4.910608598908851,1.9110949,1.1803905,0.23597592635447726
2489677200145175680,34.3817595625265,0.035837606,-4.95522852270811,0.028866017,1.6346463243627245,0.043192007,13.626092,11.251562247947685,0.04660407,-7.685878474204084,0.033231553,1.0508776,0.23623141960015465
2489664070429638400,34.265874058376696,0.4180035,-5.198751759534361,0.3273629,0.9435217122128006,0.5425433,3.1493647,2.367807929047534,0.45465612,-2.0765315450092063,0.40149772,1.0855516,0.23637378223844446
2488149493162295040,34.31164241363349,0.52289546,-5.30451339526839,0.37109676,1.8541532493380275,0.53104305,15.22906,14.766994999626515,0.6280219,3.7229191337059477,0.42669508,0.9872071,0.2367900055791238
2489467743179973760,34.73638755245646,0.049130365,-5.185782177918148,0.03775298,0.9655613571242395,0.054582197,13.168464,10.222886612804281,0.06832888,8.300663783634766,0.04361101,2.6550097,0.2368264458415151
2489458221237910528,34.48966176441097,2.509223,-5.397024360405103,1.3488,,,,,,,,,0.23724701154918076
2489457572697608192,34.542899526385234,4.051843,-5.393461556552159,2.856801,,,,,,,,,0.23733544903023637
2489659122629432576,34.703715539163156,0.8210304,-5.03665357581717,0.8053983,2.756481443925444,1.0125953,24.84393,6.957626713754841,1.4835378,-23.849785296182645,1.1068995,1.0476087,0.23745425592155858
2489459801785354880,34.670376991840456,0.67129785,-5.326932176478044,0.538698,1.4921467236418167,0.794147,29.390446,14.602709272011499,0.98302543,-25.506061789579906,0.7529068,0.96525913,0.23801238452860152
2489457877639973760,34.55755289212266,0.11205109,-5.391969345403844,0.08496514,0.3367715482830486,0.12507755,26.363163,12.77312168919432,0.116068564,-23.062171437573458,0.095947795,1.0456915,0.23894131187805828
2489459801785362176,34.66717820407261,0.61706656,-5.3316136408272845,0.49730897,2.865748218176712,0.73863465,20.827126,16.057762056216674,0.7238434,-13.263388021447472,0.58259577,0.92831284,0.23908963762737404
2489670358261894912,34.27739833362951,0.28206497,-5.070015300259484,0.2324955,0.400139989824245,0.37817964,1.1400518,0.8991760296127536,0.3259813,0.7008571598896406,0.27779028,1.0018023,0.2392856639641949
2489658813389692032,34.723416683266436,0.5717592,-5.071479456427229,0.49684134,1.0061324138779586,0.67479277,21.190346,14.805489941268885,0.83757,-15.160086155734874,0.595435,1.1469755,0.23948199436798642
2488150489594680576,34.28290090574673,0.10859903,-5.2630970907832655,0.07922085,0.04905013499611421,0.12943202,1.1855814,1.0858345994191816,0.10847249,-0.4759900728983761,0.099423274,0.92704505,0.23952960587530756
2489671221550701312,34.311341669779324,0.068513155,-5.011389594039365,0.057858992,0.5367396187927798,0.08702194,4.8341255,2.973774469030994,0.08502912,-3.811224931803452,0.06625081,1.1189882,0.239582563743264
2489675649661438080,34.55910650882779,0.314244,-4.927423919002768,0.26575205,0.08783836117218771,0.36083877,6.354243,4.6938112489851855,0.39077982,-4.283052156756538,0.34239992,1.129825,0.23991250517566515
2489663696768185728,34.620446467874764,5.6698985,-4.9522293194533225,3.0006676,,,,,,,,,0.23992155955893324
2488149493162262912,34.31197953988453,0.16761671,-5.310316570816484,0.12114411,2.8470467553813563,0.18653134,37.22178,35.52901239063076,0.17240712,-11.097297049044748,0.14153907,0.9718831,0.24011306143795472
2487957284786032000,34.4522529035427,8.195842,-5.395891173650494,4.730486,,,,,,,,,0.24063498042349338
2489659294428120320,34.70141221962509,45.9353,-5.026477882881038,21.671246,,,,,,,,,0.24098392545297756
2488150317799333376,34.29308487389771,0.6709777,-5.285072179902578,0.5065434,-0.17960570983284702,0.85120344,4.134999,-3.9699978956970363,0.7386436,-1.156431455359038,0.60798895,1.0568765,0.24104833046587346
2489671358989130752,34.33132026251032,0.90530413,-4.98709182178533,0.7682452,2.225284122590111,1.119873,9.454853,3.1117785804299887,1.3205377,-8.928105819741685,1.1150616,1.2153763,0.24110134953460213
2489664139149044352,34.258490663284746,0.37776932,-5.178845835417204,0.27988014,0.12345522435857048,0.49088365,9.535639,9.325162410315379,0.3589361,1.992422409203673,0.31225857,1.0932297,0.2412698992831832
2489677676886002304,34.444256134862485,0.14913525,-4.924837621763649,0.10992625,4.4927744770587724E-4,0.16491267,2.052978,-0.044299915273793886,0.1748337,-2.052500109805127,0.13567579,1.0180758,0.24163164057026215
2489663829911469568,34.26174675579133,0.39004597,-5.2073573428021875,0.2930877,1.2946698058989003,0.49462166,17.25952,6.492105232380098,0.3815965,-15.99198415303346,0.3461315,0.97250617,0.24196406518225932
2489675619597230080,34.575476417344866,0.024324616,-4.929865758987812,0.018604372,4.074119632851856,0.026496463,68.82086,64.46324100753174,0.028654832,-24.099823773717755,0.02285184,0.95893204,0.24210330265984178
2489459389468493824,34.65267831019968,0.5808376,-5.348896227626797,0.48472384,2.3212499916319476,0.7044306,6.0768585,-5.981883169377829,0.67968905,-1.0701785289684884,0.54499793,0.9773892,0.24247633251576164
2489676233776992000,34.4781580450061,0.43659025,-4.918114765875826,0.32655948,1.1627037334770982,0.4348108,12.665272,-2.226857085397251,0.53592885,-12.467967397577475,0.39778364,1.0781912,0.24286336774428122
2489677406303605760,34.37618577403933,0.68533385,-4.950138086670729,0.55261934,,,,,,,,,0.24342312310442293
2488144820237833472,34.42267345715425,9.940098,-5.390926353180915,5.571985,,,,,,,,,0.24342601967922325
2489675688316723840,34.55903498395094,6.553027,-4.923685747861964,5.6990695,,,,,,,,,0.24352093570554703
2489657993051449216,34.73396103575326,0.38190812,-5.088502005693248,0.3286858,0.2694230135151198,0.45002478,11.289408,8.87353510777393,0.56334066,-6.979333146757104,0.40047827,1.0566903,0.24374270993955613
2489675619597229952,34.57592451070014,0.0374149,-4.928266598210348,0.027844548,4.012362555205216,0.03992154,68.96963,64.3975704228314,0.042533107,-24.693361223657632,0.0339623,1.1554953,0.2437620540121697
2489466678028086016,34.732243147826246,0.03212568,-5.237114687995131,0.025827458,0.7223811800680877,0.037714012,10.211026,6.224739460868808,0.042275902,-8.094299192380634,0.03130147,0.9467601,0.24379888494052585
2489677406303605632,34.37579790577151,0.115972325,-4.949854444013015,0.09669484,0.6424214224849385,0.14495064,11.371195,10.43388656463996,0.15394384,4.520849297840096,0.13659471,1.1203836,0.24386350958180708
2487957009908124800,34.47931162362241,0.46355608,-5.403282127466053,0.32863522,0.2721698133126096,0.48858577,8.787178,5.869155322839157,0.48668766,-6.539686978950443,0.37345272,0.97772086,0.244152215025112
2489670461341112064,34.279721314483055,0.060948443,-5.051931689215382,0.051255595,0.636488803237137,0.0779251,14.035808,9.176163669995281,0.07599046,-10.620824835226415,0.059452847,1.0076505,0.24458103616449195
2489664998142505088,34.253852169263325,0.11607423,-5.17137619824587,0.08703463,0.030874100129512146,0.14230359,16.729242,16.71414423990283,0.12549482,-0.7105871393487305,0.09961154,1.0604875,0.24541765678389518
2489676336859460864,34.485888249489314,0.9621541,-4.914696913172172,1.2461127,1.3899737140296669,1.4447204,14.202312,-1.8563050796005138,1.7092013,-14.080476409492457,1.8460686,1.0245748,0.2457069135191963
2489458152517919360,34.50496936105458,0.78643024,-5.405995580243756,0.6293939,1.2720644975348208,0.9179634,13.489223,12.945779381733772,0.98845387,-3.7902411267985903,0.8366404,1.0744346,0.24604417863997885
2489457774560760320,34.60912341095804,0.23582827,-5.380862175707471,0.20629558,0.48169064763793323,0.27406943,6.390982,5.873439810928912,0.29851863,-2.5193957480132383,0.23102766,0.9825133,0.24614184359746688
2489469456871823232,34.747071532935024,0.2787586,-5.151217480676692,0.25704047,1.6955874850674384,0.35948968,16.458584,16.386920184697246,0.40218496,-1.5342268244326265,0.30883107,1.1823246,0.2462228805694256
2489457430963373568,34.52141664670898,0.106862225,-5.40538449975927,0.083760425,0.3776963069032344,0.123907864,4.423158,2.377770859295837,0.113304205,3.729682592981537,0.09189788,1.4282554,0.2463078872004029
2489662558601108864,34.68127434998972,0.6651693,-4.992452094855245,0.5524876,0.5221517310663704,0.74082935,20.32044,-13.61273163479473,1.0810423,-15.086874961043268,0.81877357,0.99303675,0.24632024605733746
2489658847749354880,34.72703145204959,0.15468319,-5.062100099004704,0.1276803,1.1574167346780064,0.17735802,11.6511345,-11.096834828788118,0.22197148,-3.5509437614670274,0.15387364,1.0816177,0.24640652076344915
2489671217255361920,34.309140224518075,1.0760462,-5.002173283136213,0.84002453,0.16327241824229455,1.4340764,3.4362295,-2.2978427003754716,1.393934,-2.554915319251631,1.2886149,0.9923084,0.2470900776070547
2489459977879272192,34.705342832537454,0.15716042,-5.298992563502473,0.12059811,1.265086310925656,0.18022248,15.150112,9.080399691506274,0.1811807,-12.127334301031006,0.15259548,1.1622976,0.24724813201393178
2489677402008389888,34.37843936736855,0.22257555,-4.943435003186393,0.19384924,0.9195196817409333,0.28577694,12.589903,3.4323224207860035,0.3079297,-12.113001513006296,0.24581702,0.9814221,0.2481222469219932
2489459836145069824,34.68377967256614,0.18859844,-5.3278052982002455,0.15587884,-0.3762611018975975,0.22828417,2.7540958,-0.31613463168248923,0.22487853,-2.7358916203445633,0.18889865,1.0282586,0.24829208681240214
2489459806080084224,34.672864943158665,1.1106284,-5.339338593238112,0.9310085,3.944928472437512,1.4089835,31.533302,-23.558661456907856,1.445008,-20.96040492639535,1.1294696,0.9913641,0.24858009558102567
2489659225706482176,34.71432467619971,3.4642677,-5.0318636807141415,3.205965,,,,,,,,,0.24897659719004234
2489458152517878528,34.49561680099335,0.20908171,-5.409188482558155,0.1490747,0.16464444769298825,0.21692777,6.475297,3.3638719311384735,0.2121572,-5.532977087299649,0.16828395,1.0233145,0.24922575651562628
2489664139150388352,34.25066995841702,1.9985571,-5.181897965810814,1.3272334,,,,,,,,,0.24928468167940207
2489664895063289856,34.24992711580893,2.1110778,-5.1713003283940475,1.8074647,,,,,,,,,0.24931919797986898
2489677818620007808,34.39940090985786,3.6454759,-4.931239980349226,2.4533145,,,,,,,,,0.24974921737631614
2489677402011424896,34.37686656129276,8.994621,-4.942338918950807,8.913748,,,,,,,,,0.24984498254334359
